netA,netB,pvalue,percentage,stim1,stim2,pill,sign
medfront,medfront,0.638222578508898,1.0,alc,alc,cortisol,pos
medfront,frontoparietal,0.04863153030180978,7.0,alc,alc,cortisol,pos
medfront,DMN,0.4300388209689625,0.5,alc,alc,cortisol,pos
medfront,motor,0.32162924551466965,3.5,alc,alc,cortisol,pos
medfront,visA,0.10762206350326031,2.0,alc,alc,cortisol,pos
medfront,visB,0.21530951801646236,0.5,alc,alc,cortisol,pos
medfront,visassoc,0.45113420261766035,0.0,alc,alc,cortisol,pos
medfront,salience,0.23868084876076923,2.0,alc,alc,cortisol,pos
medfront,subcort,0.23013088882649946,0.0,alc,alc,cortisol,pos
medfront,cerebell,0.2719771369946682,0.5,alc,alc,cortisol,pos
frontoparietal,medfront,0.04863153030180978,7.0,alc,alc,cortisol,pos
frontoparietal,frontoparietal,0.5506140920919063,2.0,alc,alc,cortisol,pos
frontoparietal,DMN,0.5313680003196948,1.0,alc,alc,cortisol,pos
frontoparietal,motor,0.7939872351566295,0.5,alc,alc,cortisol,pos
frontoparietal,visA,0.5313680003196948,1.5,alc,alc,cortisol,pos
frontoparietal,visB,0.2788954873346121,0.0,alc,alc,cortisol,pos
frontoparietal,visassoc,0.5546499673269253,1.0,alc,alc,cortisol,pos
frontoparietal,salience,0.7191573677393159,1.5,alc,alc,cortisol,pos
frontoparietal,subcort,0.2968712952741621,0.0,alc,alc,cortisol,pos
frontoparietal,cerebell,0.008947860362783389,4.0,alc,alc,cortisol,pos
DMN,medfront,0.4300388209689625,0.5,alc,alc,cortisol,pos
DMN,frontoparietal,0.5313680003196948,1.0,alc,alc,cortisol,pos
DMN,DMN,0.25591879818412444,0.0,alc,alc,cortisol,pos
DMN,motor,0.4696471648556312,0.0,alc,alc,cortisol,pos
DMN,visA,0.26348886803511484,1.0,alc,alc,cortisol,pos
DMN,visB,0.12391096900459764,0.5,alc,alc,cortisol,pos
DMN,visassoc,0.042073389647800497,2.0,alc,alc,cortisol,pos
DMN,salience,0.3999883215618145,0.5,alc,alc,cortisol,pos
DMN,subcort,0.13279392488682606,0.0,alc,alc,cortisol,pos
DMN,cerebell,0.1589169574802225,1.0,alc,alc,cortisol,pos
motor,medfront,0.32162924551466965,3.5,alc,alc,cortisol,pos
motor,frontoparietal,0.7939872351566295,0.5,alc,alc,cortisol,pos
motor,DMN,0.4696471648556312,0.0,alc,alc,cortisol,pos
motor,motor,0.7270563669829373,0.0,alc,alc,cortisol,pos
motor,visA,0.4696471648556312,0.0,alc,alc,cortisol,pos
motor,visB,0.23951379143033513,0.0,alc,alc,cortisol,pos
motor,visassoc,0.4917557078157002,0.0,alc,alc,cortisol,pos
motor,salience,0.2827172916759568,2.0,alc,alc,cortisol,pos
motor,subcort,0.25541142685010243,0.0,alc,alc,cortisol,pos
motor,cerebell,0.30117700588124796,0.0,alc,alc,cortisol,pos
visA,medfront,0.10762206350326031,2.0,alc,alc,cortisol,pos
visA,frontoparietal,0.5313680003196948,1.5,alc,alc,cortisol,pos
visA,DMN,0.26348886803511484,1.0,alc,alc,cortisol,pos
visA,motor,0.4696471648556312,0.0,alc,alc,cortisol,pos
visA,visA,0.25591879818412444,1.0,alc,alc,cortisol,pos
visA,visB,0.12391096900459764,1.5,alc,alc,cortisol,pos
visA,visassoc,0.27840346173888886,0.5,alc,alc,cortisol,pos
visA,salience,0.3999883215618145,0.5,alc,alc,cortisol,pos
visA,subcort,0.13279392488682606,0.0,alc,alc,cortisol,pos
visA,cerebell,0.1589169574802225,0.5,alc,alc,cortisol,pos
visB,medfront,0.21530951801646236,0.5,alc,alc,cortisol,pos
visB,frontoparietal,0.2788954873346121,0.0,alc,alc,cortisol,pos
visB,DMN,0.12391096900459764,0.5,alc,alc,cortisol,pos
visB,motor,0.23951379143033513,0.0,alc,alc,cortisol,pos
visB,visA,0.12391096900459764,1.5,alc,alc,cortisol,pos
visB,visB,0.05149790600099036,1.0,alc,alc,cortisol,pos
visB,visassoc,1.267126360049442e-05,6.0,alc,alc,cortisol,pos
visB,salience,0.19802853177563073,0.5,alc,alc,cortisol,pos
visB,subcort,0.05982460145689994,0.0,alc,alc,cortisol,pos
visB,cerebell,0.07186577948715978,0.0,alc,alc,cortisol,pos
visassoc,medfront,0.45113420261766035,0.0,alc,alc,cortisol,pos
visassoc,frontoparietal,0.5546499673269253,1.0,alc,alc,cortisol,pos
visassoc,DMN,0.042073389647800497,2.0,alc,alc,cortisol,pos
visassoc,motor,0.4917557078157002,0.0,alc,alc,cortisol,pos
visassoc,visA,0.27840346173888886,0.5,alc,alc,cortisol,pos
visassoc,visB,1.267126360049442e-05,6.0,alc,alc,cortisol,pos
visassoc,visassoc,0.286236570475347,1.0,alc,alc,cortisol,pos
visassoc,salience,0.4201895039423127,0.5,alc,alc,cortisol,pos
visassoc,subcort,0.14100508192997707,0.0,alc,alc,cortisol,pos
visassoc,cerebell,0.1685837911981345,1.5,alc,alc,cortisol,pos
salience,medfront,0.23868084876076923,2.0,alc,alc,cortisol,pos
salience,frontoparietal,0.7191573677393159,1.5,alc,alc,cortisol,pos
salience,DMN,0.3999883215618145,0.5,alc,alc,cortisol,pos
salience,motor,0.2827172916759568,2.0,alc,alc,cortisol,pos
salience,visA,0.3999883215618145,0.5,alc,alc,cortisol,pos
salience,visB,0.19802853177563073,0.5,alc,alc,cortisol,pos
salience,visassoc,0.4201895039423127,0.5,alc,alc,cortisol,pos
salience,salience,0.20131734203516494,2.0,alc,alc,cortisol,pos
salience,subcort,0.21156073707919454,0.0,alc,alc,cortisol,pos
salience,cerebell,0.25082981440779595,0.5,alc,alc,cortisol,pos
subcort,medfront,0.23013088882649946,0.0,alc,alc,cortisol,pos
subcort,frontoparietal,0.2968712952741621,0.0,alc,alc,cortisol,pos
subcort,DMN,0.13279392488682606,0.0,alc,alc,cortisol,pos
subcort,motor,0.25541142685010243,0.0,alc,alc,cortisol,pos
subcort,visA,0.13279392488682606,0.0,alc,alc,cortisol,pos
subcort,visB,0.05982460145689994,0.0,alc,alc,cortisol,pos
subcort,visassoc,0.14100508192997707,0.0,alc,alc,cortisol,pos
subcort,salience,0.21156073707919454,0.0,alc,alc,cortisol,pos
subcort,subcort,0.05982460145689994,0.0,alc,alc,cortisol,pos
subcort,cerebell,0.07751666254894662,0.0,alc,alc,cortisol,pos
cerebell,medfront,0.2719771369946682,0.5,alc,alc,cortisol,pos
cerebell,frontoparietal,0.008947860362783389,4.0,alc,alc,cortisol,pos
cerebell,DMN,0.1589169574802225,1.0,alc,alc,cortisol,pos
cerebell,motor,0.30117700588124796,0.0,alc,alc,cortisol,pos
cerebell,visA,0.1589169574802225,0.5,alc,alc,cortisol,pos
cerebell,visB,0.07186577948715978,0.0,alc,alc,cortisol,pos
cerebell,visassoc,0.1685837911981345,1.5,alc,alc,cortisol,pos
cerebell,salience,0.25082981440779595,0.5,alc,alc,cortisol,pos
cerebell,subcort,0.07751666254894662,0.0,alc,alc,cortisol,pos
cerebell,cerebell,0.08809878524006765,0.0,alc,alc,cortisol,pos
medfront,medfront,0.020952085332129333,0.0,alc,alc,placebo,pos
medfront,frontoparietal,0.02871211693662168,0.0,alc,alc,placebo,pos
medfront,DMN,0.011640047406738518,0.0,alc,alc,placebo,pos
medfront,motor,0.02405609797392627,0.0,alc,alc,placebo,pos
medfront,visA,0.011640047406738518,0.0,alc,alc,placebo,pos
medfront,visB,0.005036965968734153,0.0,alc,alc,placebo,pos
medfront,visassoc,0.012416050567187753,0.0,alc,alc,placebo,pos
medfront,salience,0.019400079011230864,0.0,alc,alc,placebo,pos
medfront,subcort,0.005432022123144642,0.0,alc,alc,placebo,pos
medfront,cerebell,0.006588972289632622,0.0,alc,alc,placebo,pos
frontoparietal,medfront,0.02871211693662168,0.0,alc,alc,placebo,pos
frontoparietal,frontoparietal,0.0381088097522434,0.0,alc,alc,placebo,pos
frontoparietal,DMN,0.015661154692702794,0.0,alc,alc,placebo,pos
frontoparietal,motor,0.032366386364919064,0.0,alc,alc,placebo,pos
frontoparietal,visA,0.015661154692702794,0.0,alc,alc,placebo,pos
frontoparietal,visB,0.006786500366837811,0.0,alc,alc,placebo,pos
frontoparietal,visassoc,0.01670523167221627,0.0,alc,alc,placebo,pos
frontoparietal,salience,0.02610192448783788,0.0,alc,alc,placebo,pos
frontoparietal,subcort,0.00730853885659466,0.0,alc,alc,placebo,pos
frontoparietal,cerebell,0.008874654325864872,0.0,alc,alc,placebo,pos
DMN,medfront,0.011640047406738518,0.0,alc,alc,placebo,pos
DMN,frontoparietal,0.015661154692702794,0.0,alc,alc,placebo,pos
DMN,DMN,0.006137479541734825,0.0,alc,alc,placebo,pos
DMN,motor,0.013121507985777936,0.0,alc,alc,placebo,pos
DMN,visA,0.00634911676731198,0.0,alc,alc,placebo,pos
DMN,visB,0.0027512839325017913,0.0,alc,alc,placebo,pos
DMN,visassoc,0.006772391218466067,0.0,alc,alc,placebo,pos
DMN,salience,0.010581861278853189,0.0,alc,alc,placebo,pos
DMN,subcort,0.002962921158078946,0.0,alc,alc,placebo,pos
DMN,cerebell,0.0035978328348100774,0.0,alc,alc,placebo,pos
motor,medfront,0.02405609797392627,0.0,alc,alc,placebo,pos
motor,frontoparietal,0.032366386364919064,0.0,alc,alc,placebo,pos
motor,DMN,0.013121507985777936,0.0,alc,alc,placebo,pos
motor,motor,0.026680399571081925,0.0,alc,alc,placebo,pos
motor,visA,0.013121507985777936,0.0,alc,alc,placebo,pos
motor,visB,0.005685986793837139,0.0,alc,alc,placebo,pos
motor,visassoc,0.01399627518482982,0.0,alc,alc,placebo,pos
motor,salience,0.02186917997629667,0.0,alc,alc,placebo,pos
motor,subcort,0.006123370393363081,0.0,alc,alc,placebo,pos
motor,cerebell,0.007435521191940908,0.0,alc,alc,placebo,pos
visA,medfront,0.011640047406738518,0.0,alc,alc,placebo,pos
visA,frontoparietal,0.015661154692702794,0.0,alc,alc,placebo,pos
visA,DMN,0.00634911676731198,0.0,alc,alc,placebo,pos
visA,motor,0.013121507985777936,0.0,alc,alc,placebo,pos
visA,visA,0.006137479541734825,1.0,alc,alc,placebo,pos
visA,visB,0.0027512839325017913,0.5,alc,alc,placebo,pos
visA,visassoc,0.006772391218466067,0.0,alc,alc,placebo,pos
visA,salience,0.010581861278853189,0.0,alc,alc,placebo,pos
visA,subcort,0.002962921158078946,0.0,alc,alc,placebo,pos
visA,cerebell,0.0035978328348100774,0.0,alc,alc,placebo,pos
visB,medfront,0.005036965968734153,0.0,alc,alc,placebo,pos
visB,frontoparietal,0.006786500366837811,0.0,alc,alc,placebo,pos
visB,DMN,0.0027512839325017913,0.0,alc,alc,placebo,pos
visB,motor,0.005685986793837139,0.0,alc,alc,placebo,pos
visB,visA,0.0027512839325017913,0.5,alc,alc,placebo,pos
visB,visB,0.0011005135730007831,0.0,alc,alc,placebo,pos
visB,visassoc,0.0029347028613352366,0.0,alc,alc,placebo,pos
visB,salience,0.004585473220836356,0.0,alc,alc,placebo,pos
visB,subcort,0.0012839325018342285,0.0,alc,alc,placebo,pos
visB,cerebell,0.0015520063208984691,0.0,alc,alc,placebo,pos
visassoc,medfront,0.012416050567187753,0.0,alc,alc,placebo,pos
visassoc,frontoparietal,0.01670523167221627,0.0,alc,alc,placebo,pos
visassoc,DMN,0.006772391218466067,0.0,alc,alc,placebo,pos
visassoc,motor,0.01399627518482982,0.0,alc,alc,placebo,pos
visassoc,visA,0.006772391218466067,0.0,alc,alc,placebo,pos
visassoc,visB,0.0029347028613352366,0.0,alc,alc,placebo,pos
visassoc,visassoc,0.006998137592414966,0.0,alc,alc,placebo,pos
visassoc,salience,0.011287318697443371,0.0,alc,alc,placebo,pos
visassoc,subcort,0.003160449235284135,0.0,alc,alc,placebo,pos
visassoc,cerebell,0.0038376883571307197,0.0,alc,alc,placebo,pos
salience,medfront,0.019400079011230864,0.0,alc,alc,placebo,pos
salience,frontoparietal,0.02610192448783788,0.0,alc,alc,placebo,pos
salience,DMN,0.010581861278853189,0.0,alc,alc,placebo,pos
salience,motor,0.02186917997629667,0.0,alc,alc,placebo,pos
salience,visA,0.010581861278853189,0.0,alc,alc,placebo,pos
salience,visB,0.004585473220836356,0.0,alc,alc,placebo,pos
salience,visassoc,0.011287318697443371,0.0,alc,alc,placebo,pos
salience,salience,0.017283706755460204,0.0,alc,alc,placebo,pos
salience,subcort,0.004938201930131503,0.0,alc,alc,placebo,pos
salience,cerebell,0.005996388058016833,0.0,alc,alc,placebo,pos
subcort,medfront,0.005432022123144642,0.0,alc,alc,placebo,pos
subcort,frontoparietal,0.00730853885659466,0.0,alc,alc,placebo,pos
subcort,DMN,0.002962921158078946,0.0,alc,alc,placebo,pos
subcort,motor,0.006123370393363081,0.0,alc,alc,placebo,pos
subcort,visA,0.002962921158078946,0.0,alc,alc,placebo,pos
subcort,visB,0.0012839325018342285,0.0,alc,alc,placebo,pos
subcort,visassoc,0.003160449235284135,0.0,alc,alc,placebo,pos
subcort,salience,0.004938201930131503,0.0,alc,alc,placebo,pos
subcort,subcort,0.0012839325018342285,0.0,alc,alc,placebo,pos
subcort,cerebell,0.0016789886562447176,0.0,alc,alc,placebo,pos
cerebell,medfront,0.006588972289632622,0.0,alc,alc,placebo,pos
cerebell,frontoparietal,0.008874654325864872,0.0,alc,alc,placebo,pos
cerebell,DMN,0.0035978328348100774,0.0,alc,alc,placebo,pos
cerebell,motor,0.007435521191940908,0.0,alc,alc,placebo,pos
cerebell,visA,0.0035978328348100774,0.0,alc,alc,placebo,pos
cerebell,visB,0.0015520063208984691,0.0,alc,alc,placebo,pos
cerebell,visassoc,0.0038376883571307197,0.0,alc,alc,placebo,pos
cerebell,salience,0.005996388058016833,0.0,alc,alc,placebo,pos
cerebell,subcort,0.0016789886562447176,0.0,alc,alc,placebo,pos
cerebell,cerebell,0.0019188441785653598,0.0,alc,alc,placebo,pos
medfront,medfront,0.48136555808393067,0.0,alc,tool,cortisol,pos
medfront,frontoparietal,0.594768828263695,0.5,alc,tool,cortisol,pos
medfront,DMN,0.30443812388263025,0.0,alc,tool,cortisol,pos
medfront,motor,0.5299974151621761,0.5,alc,tool,cortisol,pos
medfront,visA,0.30443812388263025,1.0,alc,tool,cortisol,pos
medfront,visB,0.1449315413197534,0.0,alc,tool,cortisol,pos
medfront,visassoc,0.3211733543960893,0.5,alc,tool,cortisol,pos
medfront,salience,0.12102271865027536,3.0,alc,tool,cortisol,pos
medfront,subcort,0.15539612485910403,0.0,alc,tool,cortisol,pos
medfront,cerebell,0.01775723478011071,2.5,alc,tool,cortisol,pos
frontoparietal,medfront,0.594768828263695,0.5,alc,tool,cortisol,pos
frontoparietal,frontoparietal,0.33189211438923627,3.0,alc,tool,cortisol,pos
frontoparietal,DMN,0.3870317180686702,0.0,alc,tool,cortisol,pos
frontoparietal,motor,0.6394678434491683,0.5,alc,tool,cortisol,pos
frontoparietal,visA,0.3870317180686702,0.0,alc,tool,cortisol,pos
frontoparietal,visB,0.19034210834953857,0.0,alc,tool,cortisol,pos
frontoparietal,visassoc,0.40687372675280264,1.0,alc,tool,cortisol,pos
frontoparietal,salience,0.19354538280062072,3.0,alc,tool,cortisol,pos
frontoparietal,subcort,0.20343377310020938,0.0,alc,tool,cortisol,pos
frontoparietal,cerebell,0.030856329563914153,3.5,alc,tool,cortisol,pos
DMN,medfront,0.30443812388263025,0.0,alc,tool,cortisol,pos
DMN,frontoparietal,0.3870317180686702,0.0,alc,tool,cortisol,pos
DMN,DMN,0.17377542247011035,0.0,alc,tool,cortisol,pos
DMN,motor,0.33604856880983625,0.0,alc,tool,cortisol,pos
DMN,visA,0.1792133220712966,0.5,alc,tool,cortisol,pos
DMN,visB,0.08187841471100465,0.5,alc,tool,cortisol,pos
DMN,visassoc,0.1899854055194219,0.0,alc,tool,cortisol,pos
DMN,salience,0.2809726292572301,0.0,alc,tool,cortisol,pos
DMN,subcort,0.08790068848096455,0.0,alc,tool,cortisol,pos
DMN,cerebell,0.1057390313626716,0.0,alc,tool,cortisol,pos
motor,medfront,0.5299974151621761,0.5,alc,tool,cortisol,pos
motor,frontoparietal,0.6394678434491683,0.5,alc,tool,cortisol,pos
motor,DMN,0.33604856880983625,0.0,alc,tool,cortisol,pos
motor,motor,0.5676440729778806,0.0,alc,tool,cortisol,pos
motor,visA,0.33604856880983625,0.0,alc,tool,cortisol,pos
motor,visB,0.16205779505275741,0.0,alc,tool,cortisol,pos
motor,visassoc,0.3540561533666807,0.0,alc,tool,cortisol,pos
motor,salience,0.14689665605245694,2.0,alc,tool,cortisol,pos
motor,subcort,0.17341165882659682,0.0,alc,tool,cortisol,pos
motor,cerebell,0.20658712152647618,1.0,alc,tool,cortisol,pos
visA,medfront,0.30443812388263025,1.0,alc,tool,cortisol,pos
visA,frontoparietal,0.3870317180686702,0.0,alc,tool,cortisol,pos
visA,DMN,0.1792133220712966,0.5,alc,tool,cortisol,pos
visA,motor,0.33604856880983625,0.0,alc,tool,cortisol,pos
visA,visA,0.17377542247011035,1.0,alc,tool,cortisol,pos
visA,visB,0.08187841471100465,0.0,alc,tool,cortisol,pos
visA,visassoc,0.1899854055194219,0.0,alc,tool,cortisol,pos
visA,salience,0.2809726292572301,0.0,alc,tool,cortisol,pos
visA,subcort,0.08790068848096455,0.0,alc,tool,cortisol,pos
visA,cerebell,0.1057390313626716,0.0,alc,tool,cortisol,pos
visB,medfront,0.1449315413197534,0.0,alc,tool,cortisol,pos
visB,frontoparietal,0.19034210834953857,0.0,alc,tool,cortisol,pos
visB,DMN,0.08187841471100465,0.5,alc,tool,cortisol,pos
visB,motor,0.16205779505275741,0.0,alc,tool,cortisol,pos
visB,visA,0.08187841471100465,0.0,alc,tool,cortisol,pos
visB,visB,0.03356567816967204,0.0,alc,tool,cortisol,pos
visB,visassoc,0.08709993297489582,1.5,alc,tool,cortisol,pos
visB,salience,0.1328183536492693,0.5,alc,tool,cortisol,pos
visB,subcort,0.03905289941724621,0.0,alc,tool,cortisol,pos
visB,cerebell,0.04701848382651275,0.0,alc,tool,cortisol,pos
visassoc,medfront,0.3211733543960893,0.5,alc,tool,cortisol,pos
visassoc,frontoparietal,0.40687372675280264,1.0,alc,tool,cortisol,pos
visassoc,DMN,0.1899854055194219,0.0,alc,tool,cortisol,pos
visassoc,motor,0.3540561533666807,0.0,alc,tool,cortisol,pos
visassoc,visA,0.1899854055194219,0.0,alc,tool,cortisol,pos
visassoc,visB,0.08709993297489582,1.5,alc,tool,cortisol,pos
visassoc,visassoc,0.19567444404483236,0.0,alc,tool,cortisol,pos
visassoc,salience,0.296699863746571,1.0,alc,tool,cortisol,pos
visassoc,subcort,0.09348697526220073,0.5,alc,tool,cortisol,pos
visassoc,cerebell,0.006340309544060507,3.0,alc,tool,cortisol,pos
salience,medfront,0.12102271865027536,3.0,alc,tool,cortisol,pos
salience,frontoparietal,0.19354538280062072,3.0,alc,tool,cortisol,pos
salience,DMN,0.2809726292572301,0.0,alc,tool,cortisol,pos
salience,motor,0.14689665605245694,2.0,alc,tool,cortisol,pos
salience,visA,0.2809726292572301,0.0,alc,tool,cortisol,pos
salience,visB,0.1328183536492693,0.5,alc,tool,cortisol,pos
salience,visassoc,0.296699863746571,1.0,alc,tool,cortisol,pos
salience,salience,0.41759817336028016,1.0,alc,tool,cortisol,pos
salience,subcort,0.14229585456300853,0.5,alc,tool,cortisol,pos
salience,cerebell,0.1701308039773778,1.5,alc,tool,cortisol,pos
subcort,medfront,0.15539612485910403,0.0,alc,tool,cortisol,pos
subcort,frontoparietal,0.20343377310020938,0.0,alc,tool,cortisol,pos
subcort,DMN,0.08790068848096455,0.0,alc,tool,cortisol,pos
subcort,motor,0.17341165882659682,0.0,alc,tool,cortisol,pos
subcort,visA,0.08790068848096455,0.0,alc,tool,cortisol,pos
subcort,visB,0.03905289941724621,0.0,alc,tool,cortisol,pos
subcort,visassoc,0.09348697526220073,0.5,alc,tool,cortisol,pos
subcort,salience,0.14229585456300853,0.5,alc,tool,cortisol,pos
subcort,subcort,0.03905289941724621,0.0,alc,tool,cortisol,pos
subcort,cerebell,0.05076931620099834,0.0,alc,tool,cortisol,pos
cerebell,medfront,0.01775723478011071,2.5,alc,tool,cortisol,pos
cerebell,frontoparietal,0.030856329563914153,3.5,alc,tool,cortisol,pos
cerebell,DMN,0.1057390313626716,0.0,alc,tool,cortisol,pos
cerebell,motor,0.20658712152647618,1.0,alc,tool,cortisol,pos
cerebell,visA,0.1057390313626716,0.0,alc,tool,cortisol,pos
cerebell,visB,0.04701848382651275,0.0,alc,tool,cortisol,pos
cerebell,visassoc,0.006340309544060507,3.0,alc,tool,cortisol,pos
cerebell,salience,0.1701308039773778,1.5,alc,tool,cortisol,pos
cerebell,subcort,0.05076931620099834,0.0,alc,tool,cortisol,pos
cerebell,cerebell,0.057815279766849526,0.0,alc,tool,cortisol,pos
medfront,medfront,0.06154933420525277,0.0,alc,tool,placebo,pos
medfront,frontoparietal,0.08368801024116357,0.0,alc,tool,placebo,pos
medfront,DMN,0.03451572852907281,0.0,alc,tool,placebo,pos
medfront,motor,0.07044709739220556,0.0,alc,tool,placebo,pos
medfront,visA,0.03451572852907281,0.0,alc,tool,placebo,pos
medfront,visB,0.015035123685168683,0.0,alc,tool,placebo,pos
medfront,visassoc,0.03678810338634886,0.5,alc,tool,placebo,pos
medfront,salience,0.057079238932256526,0.5,alc,tool,placebo,pos
medfront,subcort,0.016207933496173665,0.0,alc,tool,placebo,pos
medfront,cerebell,0.019637234496374223,0.0,alc,tool,placebo,pos
frontoparietal,medfront,0.08368801024116357,0.0,alc,tool,placebo,pos
frontoparietal,frontoparietal,0.11002642231234983,0.0,alc,tool,placebo,pos
frontoparietal,DMN,0.04625213232906489,0.0,alc,tool,placebo,pos
frontoparietal,motor,0.09399159943918167,0.0,alc,tool,placebo,pos
frontoparietal,visA,0.04625213232906489,0.0,alc,tool,placebo,pos
frontoparietal,visB,0.020221927278054386,0.0,alc,tool,placebo,pos
frontoparietal,visassoc,0.04928384624140736,0.0,alc,tool,placebo,pos
frontoparietal,salience,0.07628067352046108,0.0,alc,tool,placebo,pos
frontoparietal,subcort,0.021766067586463156,0.0,alc,tool,placebo,pos
frontoparietal,cerebell,0.026388752484926892,0.0,alc,tool,placebo,pos
DMN,medfront,0.03451572852907281,0.0,alc,tool,placebo,pos
DMN,frontoparietal,0.04625213232906489,0.0,alc,tool,placebo,pos
DMN,DMN,0.01829992046122675,0.0,alc,tool,placebo,pos
DMN,motor,0.038850802156836006,0.0,alc,tool,placebo,pos
DMN,visA,0.018926937738209526,0.0,alc,tool,placebo,pos
DMN,visB,0.008231279751312659,0.0,alc,tool,placebo,pos
DMN,visassoc,0.020180171219665533,0.0,alc,tool,placebo,pos
DMN,salience,0.03141127986871717,0.0,alc,tool,placebo,pos
DMN,subcort,0.008862577453798592,0.0,alc,tool,placebo,pos
DMN,cerebell,0.010754863069686427,0.0,alc,tool,placebo,pos
motor,medfront,0.07044709739220556,0.0,alc,tool,placebo,pos
motor,frontoparietal,0.09399159943918167,0.0,alc,tool,placebo,pos
motor,DMN,0.038850802156836006,0.0,alc,tool,placebo,pos
motor,motor,0.07792572970521727,0.0,alc,tool,placebo,pos
motor,visA,0.038850802156836006,0.0,alc,tool,placebo,pos
motor,visB,0.01696139082426762,0.0,alc,tool,placebo,pos
motor,visassoc,0.04140445618029265,0.0,alc,tool,placebo,pos
motor,salience,0.06418410164971577,0.0,alc,tool,placebo,pos
motor,subcort,0.018258109813168,0.0,alc,tool,placebo,pos
motor,cerebell,0.02214142380808448,0.0,alc,tool,placebo,pos
visA,medfront,0.03451572852907281,0.0,alc,tool,placebo,pos
visA,frontoparietal,0.04625213232906489,0.0,alc,tool,placebo,pos
visA,DMN,0.018926937738209526,0.0,alc,tool,placebo,pos
visA,motor,0.038850802156836006,0.0,alc,tool,placebo,pos
visA,visA,0.00011228855563327755,3.0,alc,tool,placebo,pos
visA,visB,0.008231279751312659,0.0,alc,tool,placebo,pos
visA,visassoc,0.020180171219665533,0.5,alc,tool,placebo,pos
visA,salience,0.03141127986871717,0.0,alc,tool,placebo,pos
visA,subcort,0.008862577453798592,0.5,alc,tool,placebo,pos
visA,cerebell,0.010754863069686427,0.0,alc,tool,placebo,pos
visB,medfront,0.015035123685168683,0.0,alc,tool,placebo,pos
visB,frontoparietal,0.020221927278054386,0.0,alc,tool,placebo,pos
visB,DMN,0.008231279751312659,0.0,alc,tool,placebo,pos
visB,motor,0.01696139082426762,0.0,alc,tool,placebo,pos
visB,visA,0.008231279751312659,0.0,alc,tool,placebo,pos
visB,visB,0.0032979551420430075,0.0,alc,tool,placebo,pos
visB,visassoc,0.008778419909781232,0.0,alc,tool,placebo,pos
visB,salience,0.013693628705241045,0.0,alc,tool,placebo,pos
visB,subcort,0.003846908381429315,0.0,alc,tool,placebo,pos
visB,cerebell,0.004648862020438793,0.0,alc,tool,placebo,pos
visassoc,medfront,0.03678810338634886,0.5,alc,tool,placebo,pos
visassoc,frontoparietal,0.04928384624140736,0.0,alc,tool,placebo,pos
visassoc,DMN,0.020180171219665533,0.0,alc,tool,placebo,pos
visassoc,motor,0.04140445618029265,0.0,alc,tool,placebo,pos
visassoc,visA,0.020180171219665533,0.5,alc,tool,placebo,pos
visassoc,visB,0.008778419909781232,0.0,alc,tool,placebo,pos
visassoc,visassoc,0.02084812580301465,0.0,alc,tool,placebo,pos
visassoc,salience,0.03348165049664975,0.0,alc,tool,placebo,pos
visassoc,subcort,0.009451546888331053,0.0,alc,tool,placebo,pos
visassoc,cerebell,0.011469099235454583,0.0,alc,tool,placebo,pos
salience,medfront,0.057079238932256526,0.5,alc,tool,placebo,pos
salience,frontoparietal,0.07628067352046108,0.0,alc,tool,placebo,pos
salience,DMN,0.03141127986871717,0.0,alc,tool,placebo,pos
salience,motor,0.06418410164971577,0.0,alc,tool,placebo,pos
salience,visA,0.03141127986871717,0.0,alc,tool,placebo,pos
salience,visB,0.013693628705241045,0.0,alc,tool,placebo,pos
salience,visassoc,0.03348165049664975,0.0,alc,tool,placebo,pos
salience,salience,0.05096081033183908,0.0,alc,tool,placebo,pos
salience,subcort,0.01474177566472512,0.0,alc,tool,placebo,pos
salience,cerebell,0.017881760557856285,0.0,alc,tool,placebo,pos
subcort,medfront,0.016207933496173665,0.0,alc,tool,placebo,pos
subcort,frontoparietal,0.021766067586463156,0.0,alc,tool,placebo,pos
subcort,DMN,0.008862577453798592,0.0,alc,tool,placebo,pos
subcort,motor,0.018258109813168,0.0,alc,tool,placebo,pos
subcort,visA,0.008862577453798592,0.5,alc,tool,placebo,pos
subcort,visB,0.003846908381429315,0.0,alc,tool,placebo,pos
subcort,visassoc,0.009451546888331053,0.0,alc,tool,placebo,pos
subcort,salience,0.01474177566472512,0.0,alc,tool,placebo,pos
subcort,subcort,0.003846908381429315,0.0,alc,tool,placebo,pos
subcort,cerebell,0.005028584523607327,0.0,alc,tool,placebo,pos
cerebell,medfront,0.019637234496374223,0.0,alc,tool,placebo,pos
cerebell,frontoparietal,0.026388752484926892,0.0,alc,tool,placebo,pos
cerebell,DMN,0.010754863069686427,0.0,alc,tool,placebo,pos
cerebell,motor,0.02214142380808448,0.0,alc,tool,placebo,pos
cerebell,visA,0.010754863069686427,0.0,alc,tool,placebo,pos
cerebell,visB,0.004648862020438793,0.0,alc,tool,placebo,pos
cerebell,visassoc,0.011469099235454583,0.0,alc,tool,placebo,pos
cerebell,salience,0.017881760557856285,0.0,alc,tool,placebo,pos
cerebell,subcort,0.005028584523607327,0.0,alc,tool,placebo,pos
cerebell,cerebell,0.005745574622140204,0.0,alc,tool,placebo,pos
medfront,medfront,0.6814149605332045,1.0,tool,alc,cortisol,pos
medfront,frontoparietal,0.20216885073019975,5.5,tool,alc,cortisol,pos
medfront,DMN,0.46873129516696266,0.5,tool,alc,cortisol,pos
medfront,motor,0.73163497514249,1.0,tool,alc,cortisol,pos
medfront,visA,0.46873129516696266,0.5,tool,alc,cortisol,pos
medfront,visB,0.23874413287145724,0.0,tool,alc,cortisol,pos
medfront,visassoc,0.49080169671650875,0.5,tool,alc,cortisol,pos
medfront,salience,0.2819122320426968,2.0,tool,alc,cortisol,pos
medfront,subcort,0.2549016866727153,0.0,tool,alc,cortisol,pos
medfront,cerebell,0.3003085689309739,0.0,tool,alc,cortisol,pos
frontoparietal,medfront,0.20216885073019975,5.5,tool,alc,cortisol,pos
frontoparietal,frontoparietal,0.14994547768470678,7.0,tool,alc,cortisol,pos
frontoparietal,DMN,0.05274440346997844,5.0,tool,alc,cortisol,pos
frontoparietal,motor,0.2542712569716483,5.0,tool,alc,cortisol,pos
frontoparietal,visA,0.2072451237506001,3.5,tool,alc,cortisol,pos
frontoparietal,visB,0.30778468940313564,0.5,tool,alc,cortisol,pos
frontoparietal,visassoc,0.597494059728625,1.5,tool,alc,cortisol,pos
frontoparietal,salience,0.16682029772427276,4.5,tool,alc,cortisol,pos
frontoparietal,subcort,0.3271676468819258,0.5,tool,alc,cortisol,pos
frontoparietal,cerebell,0.38217583354102125,0.5,tool,alc,cortisol,pos
DMN,medfront,0.46873129516696266,0.5,tool,alc,cortisol,pos
DMN,frontoparietal,0.05274440346997844,5.0,tool,alc,cortisol,pos
DMN,DMN,0.2829214385473524,1.0,tool,alc,cortisol,pos
DMN,motor,0.5100832412727363,0.5,tool,alc,cortisol,pos
DMN,visA,0.2911238236750213,1.0,tool,alc,cortisol,pos
DMN,visB,0.13828424777120585,1.5,tool,alc,cortisol,pos
DMN,visassoc,0.3072532909957514,0.5,tool,alc,cortisol,pos
DMN,salience,0.43711582405928273,0.0,tool,alc,cortisol,pos
DMN,subcort,0.148107788179495,0.0,tool,alc,cortisol,pos
DMN,cerebell,0.17692360079291114,0.5,tool,alc,cortisol,pos
motor,medfront,0.73163497514249,1.0,tool,alc,cortisol,pos
motor,frontoparietal,0.2542712569716483,5.0,tool,alc,cortisol,pos
motor,DMN,0.5100832412727363,0.5,tool,alc,cortisol,pos
motor,motor,0.7679642766993959,0.0,tool,alc,cortisol,pos
motor,visA,0.15806487572421024,2.0,tool,alc,cortisol,pos
motor,visB,0.26511043883769614,0.0,tool,alc,cortisol,pos
motor,visassoc,0.532999366617885,0.0,tool,alc,cortisol,pos
motor,salience,0.3312102907467671,3.0,tool,alc,cortisol,pos
motor,subcort,0.2823713129248253,0.0,tool,alc,cortisol,pos
motor,cerebell,0.3318012765151097,1.0,tool,alc,cortisol,pos
visA,medfront,0.46873129516696266,0.5,tool,alc,cortisol,pos
visA,frontoparietal,0.2072451237506001,3.5,tool,alc,cortisol,pos
visA,DMN,0.2911238236750213,1.0,tool,alc,cortisol,pos
visA,motor,0.15806487572421024,2.0,tool,alc,cortisol,pos
visA,visA,0.2829214385473524,0.0,tool,alc,cortisol,pos
visA,visB,0.13828424777120585,1.5,tool,alc,cortisol,pos
visA,visassoc,0.3072532909957514,0.0,tool,alc,cortisol,pos
visA,salience,0.43711582405928273,1.5,tool,alc,cortisol,pos
visA,subcort,0.148107788179495,0.0,tool,alc,cortisol,pos
visA,cerebell,0.17692360079291114,0.5,tool,alc,cortisol,pos
visB,medfront,0.23874413287145724,0.0,tool,alc,cortisol,pos
visB,frontoparietal,0.30778468940313564,0.5,tool,alc,cortisol,pos
visB,DMN,0.13828424777120585,1.5,tool,alc,cortisol,pos
visB,motor,0.26511043883769614,0.0,tool,alc,cortisol,pos
visB,visA,0.13828424777120585,1.5,tool,alc,cortisol,pos
visB,visB,0.05774817759033146,1.0,tool,alc,cortisol,pos
visB,visassoc,0.0005533554104577565,4.0,tool,alc,cortisol,pos
visB,salience,0.21985701942594482,0.0,tool,alc,cortisol,pos
visB,subcort,0.06704925492077651,0.0,tool,alc,cortisol,pos
visB,cerebell,0.08048125039884513,0.0,tool,alc,cortisol,pos
visassoc,medfront,0.49080169671650875,0.5,tool,alc,cortisol,pos
visassoc,frontoparietal,0.597494059728625,1.5,tool,alc,cortisol,pos
visassoc,DMN,0.3072532909957514,0.5,tool,alc,cortisol,pos
visassoc,motor,0.532999366617885,0.0,tool,alc,cortisol,pos
visassoc,visA,0.3072532909957514,0.0,tool,alc,cortisol,pos
visassoc,visB,0.0005533554104577565,4.0,tool,alc,cortisol,pos
visassoc,visassoc,0.315707820204403,0.0,tool,alc,cortisol,pos
visassoc,salience,0.4583914783601246,0.5,tool,alc,cortisol,pos
visassoc,subcort,0.1571772135441628,0.0,tool,alc,cortisol,pos
visassoc,cerebell,0.18755874181169252,0.0,tool,alc,cortisol,pos
salience,medfront,0.2819122320426968,2.0,tool,alc,cortisol,pos
salience,frontoparietal,0.16682029772427276,4.5,tool,alc,cortisol,pos
salience,DMN,0.43711582405928273,0.0,tool,alc,cortisol,pos
salience,motor,0.3312102907467671,3.0,tool,alc,cortisol,pos
salience,visA,0.43711582405928273,1.5,tool,alc,cortisol,pos
salience,visB,0.21985701942594482,0.0,tool,alc,cortisol,pos
salience,visassoc,0.4583914783601246,0.5,tool,alc,cortisol,pos
salience,salience,0.6100883942175651,0.0,tool,alc,cortisol,pos
salience,subcort,0.23465131080787427,0.0,tool,alc,cortisol,pos
salience,cerebell,0.27740150557433596,0.0,tool,alc,cortisol,pos
subcort,medfront,0.2549016866727153,0.0,tool,alc,cortisol,pos
subcort,frontoparietal,0.3271676468819258,0.5,tool,alc,cortisol,pos
subcort,DMN,0.148107788179495,0.0,tool,alc,cortisol,pos
subcort,motor,0.2823713129248253,0.0,tool,alc,cortisol,pos
subcort,visA,0.148107788179495,0.0,tool,alc,cortisol,pos
subcort,visB,0.06704925492077651,0.0,tool,alc,cortisol,pos
subcort,visassoc,0.1571772135441628,0.0,tool,alc,cortisol,pos
subcort,salience,0.23465131080787427,0.0,tool,alc,cortisol,pos
subcort,subcort,0.06704925492077651,0.0,tool,alc,cortisol,pos
subcort,cerebell,0.0867773475353294,0.0,tool,alc,cortisol,pos
cerebell,medfront,0.3003085689309739,0.0,tool,alc,cortisol,pos
cerebell,frontoparietal,0.38217583354102125,0.5,tool,alc,cortisol,pos
cerebell,DMN,0.17692360079291114,0.5,tool,alc,cortisol,pos
cerebell,motor,0.3318012765151097,1.0,tool,alc,cortisol,pos
cerebell,visA,0.17692360079291114,0.5,tool,alc,cortisol,pos
cerebell,visB,0.08048125039884513,0.0,tool,alc,cortisol,pos
cerebell,visassoc,0.18755874181169252,0.0,tool,alc,cortisol,pos
cerebell,salience,0.27740150557433596,0.0,tool,alc,cortisol,pos
cerebell,subcort,0.0867773475353294,0.0,tool,alc,cortisol,pos
cerebell,cerebell,0.09855474240891104,0.0,tool,alc,cortisol,pos
medfront,medfront,0.020952085332129333,0.0,tool,alc,placebo,pos
medfront,frontoparietal,0.02871211693662168,0.0,tool,alc,placebo,pos
medfront,DMN,0.011640047406738518,0.0,tool,alc,placebo,pos
medfront,motor,0.02405609797392627,0.0,tool,alc,placebo,pos
medfront,visA,0.011640047406738518,0.0,tool,alc,placebo,pos
medfront,visB,0.005036965968734153,0.0,tool,alc,placebo,pos
medfront,visassoc,0.012416050567187753,0.0,tool,alc,placebo,pos
medfront,salience,0.019400079011230864,0.0,tool,alc,placebo,pos
medfront,subcort,0.005432022123144642,0.5,tool,alc,placebo,pos
medfront,cerebell,0.006588972289632622,0.0,tool,alc,placebo,pos
frontoparietal,medfront,0.02871211693662168,0.0,tool,alc,placebo,pos
frontoparietal,frontoparietal,0.0381088097522434,0.0,tool,alc,placebo,pos
frontoparietal,DMN,0.015661154692702794,0.5,tool,alc,placebo,pos
frontoparietal,motor,0.032366386364919064,0.0,tool,alc,placebo,pos
frontoparietal,visA,0.015661154692702794,0.0,tool,alc,placebo,pos
frontoparietal,visB,0.006786500366837811,0.0,tool,alc,placebo,pos
frontoparietal,visassoc,0.01670523167221627,0.0,tool,alc,placebo,pos
frontoparietal,salience,0.02610192448783788,0.0,tool,alc,placebo,pos
frontoparietal,subcort,0.00730853885659466,0.0,tool,alc,placebo,pos
frontoparietal,cerebell,0.008874654325864872,0.0,tool,alc,placebo,pos
DMN,medfront,0.011640047406738518,0.0,tool,alc,placebo,pos
DMN,frontoparietal,0.015661154692702794,0.5,tool,alc,placebo,pos
DMN,DMN,0.006137479541734825,0.0,tool,alc,placebo,pos
DMN,motor,0.013121507985777936,0.0,tool,alc,placebo,pos
DMN,visA,0.00634911676731198,0.0,tool,alc,placebo,pos
DMN,visB,0.0027512839325017913,0.0,tool,alc,placebo,pos
DMN,visassoc,0.006772391218466067,0.0,tool,alc,placebo,pos
DMN,salience,0.010581861278853189,0.0,tool,alc,placebo,pos
DMN,subcort,0.002962921158078946,0.0,tool,alc,placebo,pos
DMN,cerebell,0.0035978328348100774,0.0,tool,alc,placebo,pos
motor,medfront,0.02405609797392627,0.0,tool,alc,placebo,pos
motor,frontoparietal,0.032366386364919064,0.0,tool,alc,placebo,pos
motor,DMN,0.013121507985777936,0.0,tool,alc,placebo,pos
motor,motor,0.026680399571081925,0.0,tool,alc,placebo,pos
motor,visA,0.013121507985777936,0.0,tool,alc,placebo,pos
motor,visB,0.005685986793837139,0.0,tool,alc,placebo,pos
motor,visassoc,0.01399627518482982,0.0,tool,alc,placebo,pos
motor,salience,0.02186917997629667,0.0,tool,alc,placebo,pos
motor,subcort,0.006123370393363081,0.0,tool,alc,placebo,pos
motor,cerebell,0.007435521191940908,0.0,tool,alc,placebo,pos
visA,medfront,0.011640047406738518,0.0,tool,alc,placebo,pos
visA,frontoparietal,0.015661154692702794,0.0,tool,alc,placebo,pos
visA,DMN,0.00634911676731198,0.0,tool,alc,placebo,pos
visA,motor,0.013121507985777936,0.0,tool,alc,placebo,pos
visA,visA,0.006137479541734825,0.0,tool,alc,placebo,pos
visA,visB,0.0027512839325017913,0.0,tool,alc,placebo,pos
visA,visassoc,0.006772391218466067,0.0,tool,alc,placebo,pos
visA,salience,0.010581861278853189,0.0,tool,alc,placebo,pos
visA,subcort,0.002962921158078946,0.0,tool,alc,placebo,pos
visA,cerebell,0.0035978328348100774,0.0,tool,alc,placebo,pos
visB,medfront,0.005036965968734153,0.0,tool,alc,placebo,pos
visB,frontoparietal,0.006786500366837811,0.0,tool,alc,placebo,pos
visB,DMN,0.0027512839325017913,0.0,tool,alc,placebo,pos
visB,motor,0.005685986793837139,0.0,tool,alc,placebo,pos
visB,visA,0.0027512839325017913,0.0,tool,alc,placebo,pos
visB,visB,0.0011005135730007831,0.0,tool,alc,placebo,pos
visB,visassoc,0.0029347028613352366,0.5,tool,alc,placebo,pos
visB,salience,0.004585473220836356,0.0,tool,alc,placebo,pos
visB,subcort,0.0012839325018342285,0.0,tool,alc,placebo,pos
visB,cerebell,0.0015520063208984691,0.0,tool,alc,placebo,pos
visassoc,medfront,0.012416050567187753,0.0,tool,alc,placebo,pos
visassoc,frontoparietal,0.01670523167221627,0.0,tool,alc,placebo,pos
visassoc,DMN,0.006772391218466067,0.0,tool,alc,placebo,pos
visassoc,motor,0.01399627518482982,0.0,tool,alc,placebo,pos
visassoc,visA,0.006772391218466067,0.0,tool,alc,placebo,pos
visassoc,visB,0.0029347028613352366,0.5,tool,alc,placebo,pos
visassoc,visassoc,0.006998137592414966,0.0,tool,alc,placebo,pos
visassoc,salience,0.011287318697443371,0.0,tool,alc,placebo,pos
visassoc,subcort,0.003160449235284135,0.0,tool,alc,placebo,pos
visassoc,cerebell,0.0038376883571307197,0.0,tool,alc,placebo,pos
salience,medfront,0.019400079011230864,0.0,tool,alc,placebo,pos
salience,frontoparietal,0.02610192448783788,0.0,tool,alc,placebo,pos
salience,DMN,0.010581861278853189,0.0,tool,alc,placebo,pos
salience,motor,0.02186917997629667,0.0,tool,alc,placebo,pos
salience,visA,0.010581861278853189,0.0,tool,alc,placebo,pos
salience,visB,0.004585473220836356,0.0,tool,alc,placebo,pos
salience,visassoc,0.011287318697443371,0.0,tool,alc,placebo,pos
salience,salience,0.017283706755460204,0.0,tool,alc,placebo,pos
salience,subcort,0.004938201930131503,0.0,tool,alc,placebo,pos
salience,cerebell,0.005996388058016833,0.0,tool,alc,placebo,pos
subcort,medfront,0.005432022123144642,0.5,tool,alc,placebo,pos
subcort,frontoparietal,0.00730853885659466,0.0,tool,alc,placebo,pos
subcort,DMN,0.002962921158078946,0.0,tool,alc,placebo,pos
subcort,motor,0.006123370393363081,0.0,tool,alc,placebo,pos
subcort,visA,0.002962921158078946,0.0,tool,alc,placebo,pos
subcort,visB,0.0012839325018342285,0.0,tool,alc,placebo,pos
subcort,visassoc,0.003160449235284135,0.0,tool,alc,placebo,pos
subcort,salience,0.004938201930131503,0.0,tool,alc,placebo,pos
subcort,subcort,0.0012839325018342285,0.0,tool,alc,placebo,pos
subcort,cerebell,0.0016789886562447176,0.0,tool,alc,placebo,pos
cerebell,medfront,0.006588972289632622,0.0,tool,alc,placebo,pos
cerebell,frontoparietal,0.008874654325864872,0.0,tool,alc,placebo,pos
cerebell,DMN,0.0035978328348100774,0.0,tool,alc,placebo,pos
cerebell,motor,0.007435521191940908,0.0,tool,alc,placebo,pos
cerebell,visA,0.0035978328348100774,0.0,tool,alc,placebo,pos
cerebell,visB,0.0015520063208984691,0.0,tool,alc,placebo,pos
cerebell,visassoc,0.0038376883571307197,0.0,tool,alc,placebo,pos
cerebell,salience,0.005996388058016833,0.0,tool,alc,placebo,pos
cerebell,subcort,0.0016789886562447176,0.0,tool,alc,placebo,pos
cerebell,cerebell,0.0019188441785653598,0.0,tool,alc,placebo,pos
medfront,medfront,0.5977914956800513,0.0,tool,tool,cortisol,pos
medfront,frontoparietal,0.3510860902164078,3.0,tool,tool,cortisol,pos
medfront,DMN,0.39565376034960653,0.5,tool,tool,cortisol,pos
medfront,motor,0.6491412475096132,0.0,tool,tool,cortisol,pos
medfront,visA,0.39565376034960653,0.5,tool,tool,cortisol,pos
medfront,visB,0.19523210865762497,0.5,tool,tool,cortisol,pos
medfront,visassoc,0.41573025538604413,0.0,tool,tool,cortisol,pos
medfront,salience,0.5694335295933344,1.5,tool,tool,cortisol,pos
medfront,subcort,0.20886232027615437,0.0,tool,tool,cortisol,pos
medfront,cerebell,0.24749518208511856,0.0,tool,tool,cortisol,pos
frontoparietal,medfront,0.3510860902164078,3.0,tool,tool,cortisol,pos
frontoparietal,frontoparietal,0.49148041207198867,3.0,tool,tool,cortisol,pos
frontoparietal,DMN,0.4928566104048284,0.5,tool,tool,cortisol,pos
frontoparietal,motor,0.04978095577648134,6.5,tool,tool,cortisol,pos
frontoparietal,visA,0.029730029812608083,4.0,tool,tool,cortisol,pos
frontoparietal,visB,0.2539042418992923,1.0,tool,tool,cortisol,pos
frontoparietal,visassoc,0.5154860520767823,0.5,tool,tool,cortisol,pos
frontoparietal,salience,0.30974434208926627,2.5,tool,tool,cortisol,pos
frontoparietal,subcort,0.2705869083004152,1.0,tool,tool,cortisol,pos
frontoparietal,cerebell,0.3184786340614967,1.0,tool,tool,cortisol,pos
DMN,medfront,0.39565376034960653,0.5,tool,tool,cortisol,pos
DMN,frontoparietal,0.4928566104048284,0.5,tool,tool,cortisol,pos
DMN,DMN,0.23264330596148242,0.0,tool,tool,cortisol,pos
DMN,motor,0.43341533323083536,1.0,tool,tool,cortisol,pos
DMN,visA,0.23964043100109444,1.0,tool,tool,cortisol,pos
DMN,visB,0.11175121995277892,1.5,tool,tool,cortisol,pos
DMN,visassoc,0.2534482255588614,0.5,tool,tool,cortisol,pos
DMN,salience,0.3671873990032197,0.5,tool,tool,cortisol,pos
DMN,subcort,0.1198233090256613,0.0,tool,tool,cortisol,pos
DMN,cerebell,0.14361206311793662,1.0,tool,tool,cortisol,pos
motor,medfront,0.6491412475096132,0.0,tool,tool,cortisol,pos
motor,frontoparietal,0.04978095577648134,6.5,tool,tool,cortisol,pos
motor,DMN,0.43341533323083536,1.0,tool,tool,cortisol,pos
motor,motor,0.6875119320460779,0.0,tool,tool,cortisol,pos
motor,visA,0.43341533323083536,1.5,tool,tool,cortisol,pos
motor,visB,0.2175052525061869,0.0,tool,tool,cortisol,pos
motor,visassoc,0.4546198649144133,0.5,tool,tool,cortisol,pos
motor,salience,0.2420510657008199,3.0,tool,tool,cortisol,pos
motor,subcort,0.23217460132301249,0.0,tool,tool,cortisol,pos
motor,cerebell,0.040778735404043975,2.0,tool,tool,cortisol,pos
visA,medfront,0.39565376034960653,0.5,tool,tool,cortisol,pos
visA,frontoparietal,0.029730029812608083,4.0,tool,tool,cortisol,pos
visA,DMN,0.23964043100109444,1.0,tool,tool,cortisol,pos
visA,motor,0.43341533323083536,1.5,tool,tool,cortisol,pos
visA,visA,0.23264330596148242,0.0,tool,tool,cortisol,pos
visA,visB,0.11175121995277892,1.0,tool,tool,cortisol,pos
visA,visassoc,0.2534482255588614,0.0,tool,tool,cortisol,pos
visA,salience,0.3671873990032197,0.0,tool,tool,cortisol,pos
visA,subcort,0.1198233090256613,0.0,tool,tool,cortisol,pos
visA,cerebell,0.14361206311793662,0.0,tool,tool,cortisol,pos
visB,medfront,0.19523210865762497,0.5,tool,tool,cortisol,pos
visB,frontoparietal,0.2539042418992923,1.0,tool,tool,cortisol,pos
visB,DMN,0.11175121995277892,1.5,tool,tool,cortisol,pos
visB,motor,0.2175052525061869,0.0,tool,tool,cortisol,pos
visB,visA,0.11175121995277892,1.0,tool,tool,cortisol,pos
visB,visB,0.04625809529842084,0.0,tool,tool,cortisol,pos
visB,visassoc,0.007150791105413723,3.0,tool,tool,cortisol,pos
visB,salience,0.1793737580708964,0.0,tool,tool,cortisol,pos
visB,subcort,0.05376181073195063,0.0,tool,tool,cortisol,pos
visB,cerebell,0.06462515388260903,0.0,tool,tool,cortisol,pos
visassoc,medfront,0.41573025538604413,0.0,tool,tool,cortisol,pos
visassoc,frontoparietal,0.5154860520767823,0.5,tool,tool,cortisol,pos
visassoc,DMN,0.2534482255588614,0.5,tool,tool,cortisol,pos
visassoc,motor,0.4546198649144133,0.5,tool,tool,cortisol,pos
visassoc,visA,0.2534482255588614,0.0,tool,tool,cortisol,pos
visassoc,visB,0.007150791105413723,3.0,tool,tool,cortisol,pos
visassoc,visassoc,0.2607119266398591,0.0,tool,tool,cortisol,pos
visassoc,salience,0.38630681575606085,0.5,tool,tool,cortisol,pos
visassoc,subcort,0.12729258816112798,0.0,tool,tool,cortisol,pos
visassoc,cerebell,0.15243450542538972,0.0,tool,tool,cortisol,pos
salience,medfront,0.5694335295933344,1.5,tool,tool,cortisol,pos
salience,frontoparietal,0.30974434208926627,2.5,tool,tool,cortisol,pos
salience,DMN,0.3671873990032197,0.5,tool,tool,cortisol,pos
salience,motor,0.2420510657008199,3.0,tool,tool,cortisol,pos
salience,visA,0.3671873990032197,0.0,tool,tool,cortisol,pos
salience,visB,0.1793737580708964,0.0,tool,tool,cortisol,pos
salience,visassoc,0.38630681575606085,0.5,tool,tool,cortisol,pos
salience,salience,0.5275962021782219,1.0,tool,tool,cortisol,pos
salience,subcort,0.19178887722842897,0.0,tool,tool,cortisol,pos
salience,cerebell,0.2279436568939608,1.0,tool,tool,cortisol,pos
subcort,medfront,0.20886232027615437,0.0,tool,tool,cortisol,pos
subcort,frontoparietal,0.2705869083004152,1.0,tool,tool,cortisol,pos
subcort,DMN,0.1198233090256613,0.0,tool,tool,cortisol,pos
subcort,motor,0.23217460132301249,0.0,tool,tool,cortisol,pos
subcort,visA,0.1198233090256613,0.0,tool,tool,cortisol,pos
subcort,visB,0.05376181073195063,0.0,tool,tool,cortisol,pos
subcort,visassoc,0.12729258816112798,0.0,tool,tool,cortisol,pos
subcort,salience,0.19178887722842897,0.0,tool,tool,cortisol,pos
subcort,subcort,0.05376181073195063,0.0,tool,tool,cortisol,pos
subcort,cerebell,0.069728336794745,0.0,tool,tool,cortisol,pos
cerebell,medfront,0.24749518208511856,0.0,tool,tool,cortisol,pos
cerebell,frontoparietal,0.3184786340614967,1.0,tool,tool,cortisol,pos
cerebell,DMN,0.14361206311793662,1.0,tool,tool,cortisol,pos
cerebell,motor,0.040778735404043975,2.0,tool,tool,cortisol,pos
cerebell,visA,0.14361206311793662,0.0,tool,tool,cortisol,pos
cerebell,visB,0.06462515388260903,0.0,tool,tool,cortisol,pos
cerebell,visassoc,0.15243450542538972,0.0,tool,tool,cortisol,pos
cerebell,salience,0.2279436568939608,1.0,tool,tool,cortisol,pos
cerebell,subcort,0.069728336794745,0.0,tool,tool,cortisol,pos
cerebell,cerebell,0.07929359058354624,0.0,tool,tool,cortisol,pos
medfront,medfront,0.11931274129474911,0.0,tool,tool,placebo,pos
medfront,frontoparietal,0.16037548936148915,0.0,tool,tool,placebo,pos
medfront,DMN,0.06784151567400842,0.0,tool,tool,placebo,pos
medfront,motor,0.13593410597271238,0.0,tool,tool,placebo,pos
medfront,visA,0.06784151567400842,0.0,tool,tool,placebo,pos
medfront,visB,0.029844816128552276,0.5,tool,tool,placebo,pos
medfront,visassoc,0.07222432346700991,1.0,tool,tool,placebo,pos
medfront,salience,0.11090267210350402,0.0,tool,tool,placebo,pos
medfront,subcort,0.03215384117010256,0.0,tool,tool,placebo,pos
medfront,cerebell,0.03888965755012297,0.0,tool,tool,placebo,pos
frontoparietal,medfront,0.16037548936148915,0.0,tool,tool,placebo,pos
frontoparietal,frontoparietal,0.20795101600684252,1.0,tool,tool,placebo,pos
frontoparietal,DMN,0.09036684280548857,1.0,tool,tool,placebo,pos
frontoparietal,motor,0.17915226486680547,0.0,tool,tool,placebo,pos
frontoparietal,visA,0.09036684280548857,1.0,tool,tool,placebo,pos
frontoparietal,visB,0.04003576118940577,0.0,tool,tool,placebo,pos
frontoparietal,visassoc,0.09614074502579562,0.0,tool,tool,placebo,pos
frontoparietal,salience,0.1467455099957764,0.0,tool,tool,placebo,pos
frontoparietal,subcort,0.04305926817091921,0.0,tool,tool,placebo,pos
frontoparietal,cerebell,0.052082216585822794,0.0,tool,tool,placebo,pos
DMN,medfront,0.06784151567400842,0.0,tool,tool,placebo,pos
DMN,frontoparietal,0.09036684280548857,1.0,tool,tool,placebo,pos
DMN,DMN,0.03626570961334763,0.0,tool,tool,placebo,pos
DMN,motor,0.07619377930896798,0.0,tool,tool,placebo,pos
DMN,visA,0.037496427513319164,0.0,tool,tool,placebo,pos
DMN,visB,0.016395150145311788,0.0,tool,tool,placebo,pos
DMN,visassoc,0.03995393443229733,0.0,tool,tool,placebo,pos
DMN,salience,0.06183716542630735,0.0,tool,tool,placebo,pos
DMN,subcort,0.01764698035225376,0.0,tool,tool,placebo,pos
DMN,cerebell,0.021394507792788064,0.0,tool,tool,placebo,pos
motor,medfront,0.13593410597271238,0.0,tool,tool,placebo,pos
motor,frontoparietal,0.17915226486680547,0.0,tool,tool,placebo,pos
motor,DMN,0.07619377930896798,0.0,tool,tool,placebo,pos
motor,motor,0.1497819997234574,0.0,tool,tool,placebo,pos
motor,visA,0.07619377930896798,0.0,tool,tool,placebo,pos
motor,visB,0.033635794643908534,0.0,tool,tool,placebo,pos
motor,visassoc,0.08109623981965541,0.0,tool,tool,placebo,pos
motor,salience,0.12425109090403585,0.0,tool,tool,placebo,pos
motor,subcort,0.0361836151482684,0.0,tool,tool,placebo,pos
motor,cerebell,0.04379351462696357,0.0,tool,tool,placebo,pos
visA,medfront,0.06784151567400842,0.0,tool,tool,placebo,pos
visA,frontoparietal,0.09036684280548857,1.0,tool,tool,placebo,pos
visA,DMN,0.037496427513319164,0.0,tool,tool,placebo,pos
visA,motor,0.07619377930896798,0.0,tool,tool,placebo,pos
visA,visA,0.0005546173038870617,3.0,tool,tool,placebo,pos
visA,visB,0.016395150145311788,0.0,tool,tool,placebo,pos
visA,visassoc,0.03995393443229733,0.5,tool,tool,placebo,pos
visA,salience,0.06183716542630735,0.0,tool,tool,placebo,pos
visA,subcort,0.01764698035225376,0.5,tool,tool,placebo,pos
visA,cerebell,0.021394507792788064,0.0,tool,tool,placebo,pos
visB,medfront,0.029844816128552276,0.5,tool,tool,placebo,pos
visB,frontoparietal,0.04003576118940577,0.0,tool,tool,placebo,pos
visB,DMN,0.016395150145311788,0.0,tool,tool,placebo,pos
visB,motor,0.033635794643908534,0.0,tool,tool,placebo,pos
visB,visA,0.016395150145311788,0.0,tool,tool,placebo,pos
visB,visB,0.006585172764268288,0.0,tool,tool,placebo,pos
visB,visassoc,0.01748014640849449,0.0,tool,tool,placebo,pos
visB,salience,0.02720031102917453,0.0,tool,tool,placebo,pos
visB,subcort,0.007679180062959312,0.0,tool,tool,placebo,pos
visB,cerebell,0.009276307689354502,0.0,tool,tool,placebo,pos
visassoc,medfront,0.07222432346700991,1.0,tool,tool,placebo,pos
visassoc,frontoparietal,0.09614074502579562,0.0,tool,tool,placebo,pos
visassoc,DMN,0.03995393443229733,0.0,tool,tool,placebo,pos
visassoc,motor,0.08109623981965541,0.0,tool,tool,placebo,pos
visassoc,visA,0.03995393443229733,0.5,tool,tool,placebo,pos
visassoc,visB,0.01748014640849449,0.0,tool,tool,placebo,pos
visassoc,visassoc,0.04126246529428068,0.0,tool,tool,placebo,pos
visassoc,salience,0.06584363437275942,0.0,tool,tool,placebo,pos
visassoc,subcort,0.01881415708521439,0.0,tool,tool,placebo,pos
visassoc,cerebell,0.02280713630639586,0.0,tool,tool,placebo,pos
salience,medfront,0.11090267210350402,0.0,tool,tool,placebo,pos
salience,frontoparietal,0.1467455099957764,0.0,tool,tool,placebo,pos
salience,DMN,0.06183716542630735,0.0,tool,tool,placebo,pos
salience,motor,0.12425109090403585,0.0,tool,tool,placebo,pos
salience,visA,0.06183716542630735,0.0,tool,tool,placebo,pos
salience,visB,0.02720031102917453,0.0,tool,tool,placebo,pos
salience,visassoc,0.06584363437275942,0.0,tool,tool,placebo,pos
salience,salience,0.099326628116298,0.0,tool,tool,placebo,pos
salience,subcort,0.029266843156238065,0.0,tool,tool,placebo,pos
salience,cerebell,0.035444502684888635,0.0,tool,tool,placebo,pos
subcort,medfront,0.03215384117010256,0.0,tool,tool,placebo,pos
subcort,frontoparietal,0.04305926817091921,0.0,tool,tool,placebo,pos
subcort,DMN,0.01764698035225376,0.0,tool,tool,placebo,pos
subcort,motor,0.0361836151482684,0.0,tool,tool,placebo,pos
subcort,visA,0.01764698035225376,0.5,tool,tool,placebo,pos
subcort,visB,0.007679180062959312,0.0,tool,tool,placebo,pos
subcort,visassoc,0.01881415708521439,0.0,tool,tool,placebo,pos
subcort,salience,0.029266843156238065,0.0,tool,tool,placebo,pos
subcort,subcort,0.007679180062959312,0.0,tool,tool,placebo,pos
subcort,cerebell,0.010032093817861742,0.0,tool,tool,placebo,pos
cerebell,medfront,0.03888965755012297,0.0,tool,tool,placebo,pos
cerebell,frontoparietal,0.052082216585822794,0.0,tool,tool,placebo,pos
cerebell,DMN,0.021394507792788064,0.0,tool,tool,placebo,pos
cerebell,motor,0.04379351462696357,0.0,tool,tool,placebo,pos
cerebell,visA,0.021394507792788064,0.0,tool,tool,placebo,pos
cerebell,visB,0.009276307689354502,0.0,tool,tool,placebo,pos
cerebell,visassoc,0.02280713630639586,0.0,tool,tool,placebo,pos
cerebell,salience,0.035444502684888635,0.0,tool,tool,placebo,pos
cerebell,subcort,0.010032093817861742,0.0,tool,tool,placebo,pos
cerebell,cerebell,0.01145837896406332,0.0,tool,tool,placebo,pos
medfront,medfront,0.06154933420525277,1.0,alc,alc,cortisol,neg
medfront,frontoparietal,0.08368801024116357,0.0,alc,alc,cortisol,neg
medfront,DMN,0.03451572852907281,0.0,alc,alc,cortisol,neg
medfront,motor,0.07044709739220556,0.0,alc,alc,cortisol,neg
medfront,visA,0.03451572852907281,0.0,alc,alc,cortisol,neg
medfront,visB,0.015035123685168683,0.0,alc,alc,cortisol,neg
medfront,visassoc,0.03678810338634886,0.0,alc,alc,cortisol,neg
medfront,salience,0.057079238932256526,0.0,alc,alc,cortisol,neg
medfront,subcort,0.016207933496173665,0.0,alc,alc,cortisol,neg
medfront,cerebell,0.019637234496374223,0.0,alc,alc,cortisol,neg
frontoparietal,medfront,0.08368801024116357,0.0,alc,alc,cortisol,neg
frontoparietal,frontoparietal,0.11002642231234983,1.0,alc,alc,cortisol,neg
frontoparietal,DMN,0.04625213232906489,0.0,alc,alc,cortisol,neg
frontoparietal,motor,0.09399159943918167,0.0,alc,alc,cortisol,neg
frontoparietal,visA,0.04625213232906489,0.0,alc,alc,cortisol,neg
frontoparietal,visB,0.020221927278054386,0.0,alc,alc,cortisol,neg
frontoparietal,visassoc,0.04928384624140736,0.5,alc,alc,cortisol,neg
frontoparietal,salience,0.07628067352046108,0.0,alc,alc,cortisol,neg
frontoparietal,subcort,0.021766067586463156,0.0,alc,alc,cortisol,neg
frontoparietal,cerebell,0.026388752484926892,0.0,alc,alc,cortisol,neg
DMN,medfront,0.03451572852907281,0.0,alc,alc,cortisol,neg
DMN,frontoparietal,0.04625213232906489,0.0,alc,alc,cortisol,neg
DMN,DMN,0.01829992046122675,0.0,alc,alc,cortisol,neg
DMN,motor,0.038850802156836006,0.0,alc,alc,cortisol,neg
DMN,visA,0.018926937738209526,0.0,alc,alc,cortisol,neg
DMN,visB,0.008231279751312659,0.0,alc,alc,cortisol,neg
DMN,visassoc,0.020180171219665533,0.0,alc,alc,cortisol,neg
DMN,salience,0.03141127986871717,0.0,alc,alc,cortisol,neg
DMN,subcort,0.008862577453798592,0.0,alc,alc,cortisol,neg
DMN,cerebell,0.010754863069686427,0.0,alc,alc,cortisol,neg
motor,medfront,0.07044709739220556,0.0,alc,alc,cortisol,neg
motor,frontoparietal,0.09399159943918167,0.0,alc,alc,cortisol,neg
motor,DMN,0.038850802156836006,0.0,alc,alc,cortisol,neg
motor,motor,0.07792572970521727,0.0,alc,alc,cortisol,neg
motor,visA,0.038850802156836006,0.0,alc,alc,cortisol,neg
motor,visB,0.01696139082426762,0.0,alc,alc,cortisol,neg
motor,visassoc,0.04140445618029265,0.5,alc,alc,cortisol,neg
motor,salience,0.06418410164971577,0.0,alc,alc,cortisol,neg
motor,subcort,0.018258109813168,0.0,alc,alc,cortisol,neg
motor,cerebell,0.02214142380808448,0.0,alc,alc,cortisol,neg
visA,medfront,0.03451572852907281,0.0,alc,alc,cortisol,neg
visA,frontoparietal,0.04625213232906489,0.0,alc,alc,cortisol,neg
visA,DMN,0.018926937738209526,0.0,alc,alc,cortisol,neg
visA,motor,0.038850802156836006,0.0,alc,alc,cortisol,neg
visA,visA,0.01829992046122675,1.0,alc,alc,cortisol,neg
visA,visB,0.008231279751312659,0.0,alc,alc,cortisol,neg
visA,visassoc,0.020180171219665533,0.5,alc,alc,cortisol,neg
visA,salience,0.03141127986871717,0.0,alc,alc,cortisol,neg
visA,subcort,0.008862577453798592,0.0,alc,alc,cortisol,neg
visA,cerebell,0.010754863069686427,0.0,alc,alc,cortisol,neg
visB,medfront,0.015035123685168683,0.0,alc,alc,cortisol,neg
visB,frontoparietal,0.020221927278054386,0.0,alc,alc,cortisol,neg
visB,DMN,0.008231279751312659,0.0,alc,alc,cortisol,neg
visB,motor,0.01696139082426762,0.0,alc,alc,cortisol,neg
visB,visA,0.008231279751312659,0.0,alc,alc,cortisol,neg
visB,visB,0.0032979551420430075,0.0,alc,alc,cortisol,neg
visB,visassoc,0.008778419909781232,0.0,alc,alc,cortisol,neg
visB,salience,0.013693628705241045,0.0,alc,alc,cortisol,neg
visB,subcort,0.003846908381429315,0.0,alc,alc,cortisol,neg
visB,cerebell,0.004648862020438793,0.0,alc,alc,cortisol,neg
visassoc,medfront,0.03678810338634886,0.0,alc,alc,cortisol,neg
visassoc,frontoparietal,0.04928384624140736,0.5,alc,alc,cortisol,neg
visassoc,DMN,0.020180171219665533,0.0,alc,alc,cortisol,neg
visassoc,motor,0.04140445618029265,0.5,alc,alc,cortisol,neg
visassoc,visA,0.020180171219665533,0.5,alc,alc,cortisol,neg
visassoc,visB,0.008778419909781232,0.0,alc,alc,cortisol,neg
visassoc,visassoc,0.02084812580301465,0.0,alc,alc,cortisol,neg
visassoc,salience,0.03348165049664975,0.0,alc,alc,cortisol,neg
visassoc,subcort,0.009451546888331053,0.0,alc,alc,cortisol,neg
visassoc,cerebell,0.011469099235454583,0.0,alc,alc,cortisol,neg
salience,medfront,0.057079238932256526,0.0,alc,alc,cortisol,neg
salience,frontoparietal,0.07628067352046108,0.0,alc,alc,cortisol,neg
salience,DMN,0.03141127986871717,0.0,alc,alc,cortisol,neg
salience,motor,0.06418410164971577,0.0,alc,alc,cortisol,neg
salience,visA,0.03141127986871717,0.0,alc,alc,cortisol,neg
salience,visB,0.013693628705241045,0.0,alc,alc,cortisol,neg
salience,visassoc,0.03348165049664975,0.0,alc,alc,cortisol,neg
salience,salience,0.05096081033183908,0.0,alc,alc,cortisol,neg
salience,subcort,0.01474177566472512,0.0,alc,alc,cortisol,neg
salience,cerebell,0.017881760557856285,0.0,alc,alc,cortisol,neg
subcort,medfront,0.016207933496173665,0.0,alc,alc,cortisol,neg
subcort,frontoparietal,0.021766067586463156,0.0,alc,alc,cortisol,neg
subcort,DMN,0.008862577453798592,0.0,alc,alc,cortisol,neg
subcort,motor,0.018258109813168,0.0,alc,alc,cortisol,neg
subcort,visA,0.008862577453798592,0.0,alc,alc,cortisol,neg
subcort,visB,0.003846908381429315,0.0,alc,alc,cortisol,neg
subcort,visassoc,0.009451546888331053,0.0,alc,alc,cortisol,neg
subcort,salience,0.01474177566472512,0.0,alc,alc,cortisol,neg
subcort,subcort,0.003846908381429315,0.0,alc,alc,cortisol,neg
subcort,cerebell,0.005028584523607327,0.0,alc,alc,cortisol,neg
cerebell,medfront,0.019637234496374223,0.0,alc,alc,cortisol,neg
cerebell,frontoparietal,0.026388752484926892,0.0,alc,alc,cortisol,neg
cerebell,DMN,0.010754863069686427,0.0,alc,alc,cortisol,neg
cerebell,motor,0.02214142380808448,0.0,alc,alc,cortisol,neg
cerebell,visA,0.010754863069686427,0.0,alc,alc,cortisol,neg
cerebell,visB,0.004648862020438793,0.0,alc,alc,cortisol,neg
cerebell,visassoc,0.011469099235454583,0.0,alc,alc,cortisol,neg
cerebell,salience,0.017881760557856285,0.0,alc,alc,cortisol,neg
cerebell,subcort,0.005028584523607327,0.0,alc,alc,cortisol,neg
cerebell,cerebell,0.005745574622140204,0.0,alc,alc,cortisol,neg
medfront,medfront,0.04146547021088476,0.0,alc,alc,placebo,neg
medfront,frontoparietal,0.0566002416919511,0.0,alc,alc,placebo,neg
medfront,DMN,0.023144766431633657,0.0,alc,alc,placebo,neg
medfront,motor,0.047533831348945066,0.0,alc,alc,placebo,neg
medfront,visA,0.023144766431633657,0.0,alc,alc,placebo,neg
medfront,visB,0.010048631621632387,0.0,alc,alc,placebo,neg
medfront,visassoc,0.02467811582998669,0.0,alc,alc,placebo,neg
medfront,salience,0.0384240633690377,0.0,alc,alc,placebo,neg
medfront,subcort,0.010834613607907828,0.0,alc,alc,placebo,neg
medfront,cerebell,0.013134622376979932,0.0,alc,alc,placebo,neg
frontoparietal,medfront,0.0566002416919511,0.0,alc,alc,placebo,neg
frontoparietal,frontoparietal,0.07476585532344893,0.0,alc,alc,placebo,neg
frontoparietal,DMN,0.031077255127145098,0.0,alc,alc,placebo,neg
frontoparietal,motor,0.0636856316513934,0.0,alc,alc,placebo,neg
frontoparietal,visA,0.031077255127145098,0.0,alc,alc,placebo,neg
frontoparietal,visB,0.013527039249709771,0.0,alc,alc,placebo,neg
frontoparietal,visassoc,0.033131630341706186,0.0,alc,alc,placebo,neg
frontoparietal,salience,0.05152289718198255,0.0,alc,alc,placebo,neg
frontoparietal,subcort,0.014563765338037826,0.0,alc,alc,placebo,neg
frontoparietal,cerebell,0.017670673266662495,0.0,alc,alc,placebo,neg
DMN,medfront,0.023144766431633657,0.0,alc,alc,placebo,neg
DMN,frontoparietal,0.031077255127145098,0.0,alc,alc,placebo,neg
DMN,DMN,0.012237376492695629,0.0,alc,alc,placebo,neg
DMN,motor,0.02607102470638789,0.0,alc,alc,placebo,neg
DMN,visA,0.012658011264027436,0.0,alc,alc,placebo,neg
DMN,visB,0.005495037013745763,0.0,alc,alc,placebo,neg
DMN,visassoc,0.013499012061007676,0.0,alc,alc,placebo,neg
DMN,salience,0.021051894492833623,0.0,alc,alc,placebo,neg
DMN,subcort,0.005917105095388342,0.0,alc,alc,placebo,neg
DMN,cerebell,0.007182771848949443,0.0,alc,alc,placebo,neg
motor,medfront,0.047533831348945066,0.0,alc,alc,placebo,neg
motor,frontoparietal,0.0636856316513934,0.0,alc,alc,placebo,neg
motor,DMN,0.02607102470638789,0.0,alc,alc,placebo,neg
motor,motor,0.05264932182026827,1.0,alc,alc,placebo,neg
motor,visA,0.02607102470638789,0.5,alc,alc,placebo,neg
motor,visB,0.01133972291125629,0.0,alc,alc,placebo,neg
motor,visassoc,0.027796849364958964,0.0,alc,alc,placebo,neg
motor,salience,0.04326040073166515,0.0,alc,alc,placebo,neg
motor,subcort,0.012209330989472855,0.0,alc,alc,placebo,neg
motor,cerebell,0.014815859538774623,0.0,alc,alc,placebo,neg
visA,medfront,0.023144766431633657,0.0,alc,alc,placebo,neg
visA,frontoparietal,0.031077255127145098,0.0,alc,alc,placebo,neg
visA,DMN,0.012658011264027436,0.0,alc,alc,placebo,neg
visA,motor,0.02607102470638789,0.5,alc,alc,placebo,neg
visA,visA,0.012237376492695629,0.0,alc,alc,placebo,neg
visA,visB,0.005495037013745763,0.0,alc,alc,placebo,neg
visA,visassoc,0.013499012061007676,0.5,alc,alc,placebo,neg
visA,salience,0.021051894492833623,0.5,alc,alc,placebo,neg
visA,subcort,0.005917105095388342,0.0,alc,alc,placebo,neg
visA,cerebell,0.007182771848949443,0.0,alc,alc,placebo,neg
visB,medfront,0.010048631621632387,0.0,alc,alc,placebo,neg
visB,frontoparietal,0.013527039249709771,0.0,alc,alc,placebo,neg
visB,DMN,0.005495037013745763,0.0,alc,alc,placebo,neg
visB,motor,0.01133972291125629,0.0,alc,alc,placebo,neg
visB,visA,0.005495037013745763,0.0,alc,alc,placebo,neg
visB,visB,0.0021998315263171975,0.0,alc,alc,placebo,neg
visB,visassoc,0.0058608345270120266,0.0,alc,alc,placebo,neg
visB,salience,0.009149984278377543,0.0,alc,alc,placebo,neg
visB,subcort,0.002566234613189833,0.0,alc,alc,placebo,neg
visB,cerebell,0.0031016257819876936,0.0,alc,alc,placebo,neg
visassoc,medfront,0.02467811582998669,0.0,alc,alc,placebo,neg
visassoc,frontoparietal,0.033131630341706186,0.0,alc,alc,placebo,neg
visassoc,DMN,0.013499012061007676,0.0,alc,alc,placebo,neg
visassoc,motor,0.027796849364958964,0.0,alc,alc,placebo,neg
visassoc,visA,0.013499012061007676,0.5,alc,alc,placebo,neg
visassoc,visB,0.0058608345270120266,0.0,alc,alc,placebo,neg
visassoc,visassoc,0.013947399303232078,0.0,alc,alc,placebo,neg
visassoc,salience,0.022447391290629226,0.0,alc,alc,placebo,neg
visassoc,subcort,0.00631095448214547,0.0,alc,alc,placebo,neg
visassoc,cerebell,0.00766070280181308,0.0,alc,alc,placebo,neg
salience,medfront,0.0384240633690377,0.0,alc,alc,placebo,neg
salience,frontoparietal,0.05152289718198255,0.0,alc,alc,placebo,neg
salience,DMN,0.021051894492833623,0.0,alc,alc,placebo,neg
salience,motor,0.04326040073166515,0.0,alc,alc,placebo,neg
salience,visA,0.021051894492833623,0.5,alc,alc,placebo,neg
salience,visB,0.009149984278377543,0.0,alc,alc,placebo,neg
salience,visassoc,0.022447391290629226,0.0,alc,alc,placebo,neg
salience,salience,0.03426892663869918,0.0,alc,alc,placebo,neg
salience,subcort,0.009852087352698713,0.0,alc,alc,placebo,neg
salience,cerebell,0.011956903544088626,0.0,alc,alc,placebo,neg
subcort,medfront,0.010834613607907828,0.0,alc,alc,placebo,neg
subcort,frontoparietal,0.014563765338037826,0.0,alc,alc,placebo,neg
subcort,DMN,0.005917105095388342,0.0,alc,alc,placebo,neg
subcort,motor,0.012209330989472855,0.0,alc,alc,placebo,neg
subcort,visA,0.005917105095388342,0.0,alc,alc,placebo,neg
subcort,visB,0.002566234613189833,0.0,alc,alc,placebo,neg
subcort,visassoc,0.00631095448214547,0.0,alc,alc,placebo,neg
subcort,salience,0.009852087352698713,0.0,alc,alc,placebo,neg
subcort,subcort,0.002566234613189833,0.0,alc,alc,placebo,neg
subcort,cerebell,0.003355181959241671,0.0,alc,alc,placebo,neg
cerebell,medfront,0.013134622376979932,0.0,alc,alc,placebo,neg
cerebell,frontoparietal,0.017670673266662495,0.0,alc,alc,placebo,neg
cerebell,DMN,0.007182771848949443,0.0,alc,alc,placebo,neg
cerebell,motor,0.014815859538774623,0.0,alc,alc,placebo,neg
cerebell,visA,0.007182771848949443,0.0,alc,alc,placebo,neg
cerebell,visB,0.0031016257819876936,0.0,alc,alc,placebo,neg
cerebell,visassoc,0.00766070280181308,0.0,alc,alc,placebo,neg
cerebell,salience,0.011956903544088626,0.0,alc,alc,placebo,neg
cerebell,subcort,0.003355181959241671,0.0,alc,alc,placebo,neg
cerebell,cerebell,0.0038340334158382117,0.0,alc,alc,placebo,neg
medfront,medfront,0.04146547021088476,0.0,alc,tool,cortisol,neg
medfront,frontoparietal,0.0566002416919511,0.5,alc,tool,cortisol,neg
medfront,DMN,0.023144766431633657,0.0,alc,tool,cortisol,neg
medfront,motor,0.047533831348945066,0.0,alc,tool,cortisol,neg
medfront,visA,0.023144766431633657,0.0,alc,tool,cortisol,neg
medfront,visB,0.010048631621632387,0.0,alc,tool,cortisol,neg
medfront,visassoc,0.02467811582998669,0.0,alc,tool,cortisol,neg
medfront,salience,0.0384240633690377,0.0,alc,tool,cortisol,neg
medfront,subcort,0.010834613607907828,0.0,alc,tool,cortisol,neg
medfront,cerebell,0.013134622376979932,0.0,alc,tool,cortisol,neg
frontoparietal,medfront,0.0566002416919511,0.5,alc,tool,cortisol,neg
frontoparietal,frontoparietal,0.07476585532344893,0.0,alc,tool,cortisol,neg
frontoparietal,DMN,0.031077255127145098,0.0,alc,tool,cortisol,neg
frontoparietal,motor,0.0636856316513934,0.0,alc,tool,cortisol,neg
frontoparietal,visA,0.031077255127145098,0.0,alc,tool,cortisol,neg
frontoparietal,visB,0.013527039249709771,0.0,alc,tool,cortisol,neg
frontoparietal,visassoc,0.033131630341706186,1.0,alc,tool,cortisol,neg
frontoparietal,salience,0.05152289718198255,0.0,alc,tool,cortisol,neg
frontoparietal,subcort,0.014563765338037826,0.0,alc,tool,cortisol,neg
frontoparietal,cerebell,0.017670673266662495,0.0,alc,tool,cortisol,neg
DMN,medfront,0.023144766431633657,0.0,alc,tool,cortisol,neg
DMN,frontoparietal,0.031077255127145098,0.0,alc,tool,cortisol,neg
DMN,DMN,0.012237376492695629,0.0,alc,tool,cortisol,neg
DMN,motor,0.02607102470638789,0.0,alc,tool,cortisol,neg
DMN,visA,0.012658011264027436,0.0,alc,tool,cortisol,neg
DMN,visB,0.005495037013745763,0.0,alc,tool,cortisol,neg
DMN,visassoc,0.013499012061007676,0.0,alc,tool,cortisol,neg
DMN,salience,0.021051894492833623,0.0,alc,tool,cortisol,neg
DMN,subcort,0.005917105095388342,0.0,alc,tool,cortisol,neg
DMN,cerebell,0.007182771848949443,0.0,alc,tool,cortisol,neg
motor,medfront,0.047533831348945066,0.0,alc,tool,cortisol,neg
motor,frontoparietal,0.0636856316513934,0.0,alc,tool,cortisol,neg
motor,DMN,0.02607102470638789,0.0,alc,tool,cortisol,neg
motor,motor,0.05264932182026827,0.0,alc,tool,cortisol,neg
motor,visA,0.02607102470638789,0.5,alc,tool,cortisol,neg
motor,visB,0.01133972291125629,0.0,alc,tool,cortisol,neg
motor,visassoc,0.027796849364958964,0.0,alc,tool,cortisol,neg
motor,salience,0.04326040073166515,0.0,alc,tool,cortisol,neg
motor,subcort,0.012209330989472855,0.0,alc,tool,cortisol,neg
motor,cerebell,0.014815859538774623,0.0,alc,tool,cortisol,neg
visA,medfront,0.023144766431633657,0.0,alc,tool,cortisol,neg
visA,frontoparietal,0.031077255127145098,0.0,alc,tool,cortisol,neg
visA,DMN,0.012658011264027436,0.0,alc,tool,cortisol,neg
visA,motor,0.02607102470638789,0.5,alc,tool,cortisol,neg
visA,visA,0.012237376492695629,0.0,alc,tool,cortisol,neg
visA,visB,0.005495037013745763,0.0,alc,tool,cortisol,neg
visA,visassoc,0.013499012061007676,0.0,alc,tool,cortisol,neg
visA,salience,0.021051894492833623,0.0,alc,tool,cortisol,neg
visA,subcort,0.005917105095388342,0.0,alc,tool,cortisol,neg
visA,cerebell,0.007182771848949443,0.0,alc,tool,cortisol,neg
visB,medfront,0.010048631621632387,0.0,alc,tool,cortisol,neg
visB,frontoparietal,0.013527039249709771,0.0,alc,tool,cortisol,neg
visB,DMN,0.005495037013745763,0.0,alc,tool,cortisol,neg
visB,motor,0.01133972291125629,0.0,alc,tool,cortisol,neg
visB,visA,0.005495037013745763,0.0,alc,tool,cortisol,neg
visB,visB,0.0021998315263171975,0.0,alc,tool,cortisol,neg
visB,visassoc,0.0058608345270120266,0.0,alc,tool,cortisol,neg
visB,salience,0.009149984278377543,0.0,alc,tool,cortisol,neg
visB,subcort,0.002566234613189833,0.0,alc,tool,cortisol,neg
visB,cerebell,0.0031016257819876936,0.0,alc,tool,cortisol,neg
visassoc,medfront,0.02467811582998669,0.0,alc,tool,cortisol,neg
visassoc,frontoparietal,0.033131630341706186,1.0,alc,tool,cortisol,neg
visassoc,DMN,0.013499012061007676,0.0,alc,tool,cortisol,neg
visassoc,motor,0.027796849364958964,0.0,alc,tool,cortisol,neg
visassoc,visA,0.013499012061007676,0.0,alc,tool,cortisol,neg
visassoc,visB,0.0058608345270120266,0.0,alc,tool,cortisol,neg
visassoc,visassoc,0.013947399303232078,0.0,alc,tool,cortisol,neg
visassoc,salience,0.022447391290629226,0.0,alc,tool,cortisol,neg
visassoc,subcort,0.00631095448214547,0.0,alc,tool,cortisol,neg
visassoc,cerebell,0.00766070280181308,0.0,alc,tool,cortisol,neg
salience,medfront,0.0384240633690377,0.0,alc,tool,cortisol,neg
salience,frontoparietal,0.05152289718198255,0.0,alc,tool,cortisol,neg
salience,DMN,0.021051894492833623,0.0,alc,tool,cortisol,neg
salience,motor,0.04326040073166515,0.0,alc,tool,cortisol,neg
salience,visA,0.021051894492833623,0.0,alc,tool,cortisol,neg
salience,visB,0.009149984278377543,0.0,alc,tool,cortisol,neg
salience,visassoc,0.022447391290629226,0.0,alc,tool,cortisol,neg
salience,salience,0.03426892663869918,0.0,alc,tool,cortisol,neg
salience,subcort,0.009852087352698713,0.0,alc,tool,cortisol,neg
salience,cerebell,0.011956903544088626,0.0,alc,tool,cortisol,neg
subcort,medfront,0.010834613607907828,0.0,alc,tool,cortisol,neg
subcort,frontoparietal,0.014563765338037826,0.0,alc,tool,cortisol,neg
subcort,DMN,0.005917105095388342,0.0,alc,tool,cortisol,neg
subcort,motor,0.012209330989472855,0.0,alc,tool,cortisol,neg
subcort,visA,0.005917105095388342,0.0,alc,tool,cortisol,neg
subcort,visB,0.002566234613189833,0.0,alc,tool,cortisol,neg
subcort,visassoc,0.00631095448214547,0.0,alc,tool,cortisol,neg
subcort,salience,0.009852087352698713,0.0,alc,tool,cortisol,neg
subcort,subcort,0.002566234613189833,0.0,alc,tool,cortisol,neg
subcort,cerebell,0.003355181959241671,0.0,alc,tool,cortisol,neg
cerebell,medfront,0.013134622376979932,0.0,alc,tool,cortisol,neg
cerebell,frontoparietal,0.017670673266662495,0.0,alc,tool,cortisol,neg
cerebell,DMN,0.007182771848949443,0.0,alc,tool,cortisol,neg
cerebell,motor,0.014815859538774623,0.0,alc,tool,cortisol,neg
cerebell,visA,0.007182771848949443,0.0,alc,tool,cortisol,neg
cerebell,visB,0.0031016257819876936,0.0,alc,tool,cortisol,neg
cerebell,visassoc,0.00766070280181308,0.0,alc,tool,cortisol,neg
cerebell,salience,0.011956903544088626,0.0,alc,tool,cortisol,neg
cerebell,subcort,0.003355181959241671,0.0,alc,tool,cortisol,neg
cerebell,cerebell,0.0038340334158382117,0.0,alc,tool,cortisol,neg
medfront,medfront,0.28739738878227006,0.0,alc,tool,placebo,neg
medfront,frontoparietal,0.372598150137359,0.0,alc,tool,placebo,neg
medfront,DMN,0.17084909871138287,0.0,alc,tool,placebo,neg
medfront,motor,0.3227023794301088,0.0,alc,tool,placebo,neg
medfront,visA,0.17084909871138287,0.0,alc,tool,placebo,neg
medfront,visB,0.07762524604851806,0.0,alc,tool,placebo,neg
medfront,visassoc,0.1812051122306101,0.0,alc,tool,placebo,neg
medfront,salience,0.26910479390206077,0.0,alc,tool,placebo,neg
medfront,subcort,0.08346820060580029,0.0,alc,tool,placebo,neg
medfront,cerebell,0.10038072929297559,0.0,alc,tool,placebo,neg
frontoparietal,medfront,0.372598150137359,0.0,alc,tool,placebo,neg
frontoparietal,frontoparietal,0.4629854926102128,0.0,alc,tool,placebo,neg
frontoparietal,DMN,0.2232123970129617,0.0,alc,tool,placebo,neg
frontoparietal,motor,0.409322341512785,0.0,alc,tool,placebo,neg
frontoparietal,visA,0.02542673330850176,3.0,alc,tool,placebo,neg
frontoparietal,visB,0.10323882816892771,0.0,alc,tool,placebo,neg
frontoparietal,visassoc,0.02865308637381192,3.0,alc,tool,placebo,neg
frontoparietal,salience,0.345067696116901,0.0,alc,tool,placebo,neg
frontoparietal,subcort,0.11075145125252717,0.0,alc,tool,placebo,neg
frontoparietal,cerebell,0.13293684380803028,0.0,alc,tool,placebo,neg
DMN,medfront,0.17084909871138287,0.0,alc,tool,placebo,neg
DMN,frontoparietal,0.2232123970129617,0.0,alc,tool,placebo,neg
DMN,DMN,0.09381583202112331,0.0,alc,tool,placebo,neg
DMN,motor,0.19051432573397742,0.5,alc,tool,placebo,neg
DMN,visA,0.09689869982295507,0.0,alc,tool,placebo,neg
DMN,visB,0.043128224552387184,0.0,alc,tool,placebo,neg
DMN,visassoc,0.10303496089485409,0.0,alc,tool,placebo,neg
DMN,salience,0.15652926074321716,0.0,alc,tool,placebo,neg
DMN,subcort,0.04637249612552563,0.0,alc,tool,placebo,neg
DMN,cerebell,0.05604354680630386,0.0,alc,tool,placebo,neg
motor,medfront,0.3227023794301088,0.0,alc,tool,placebo,neg
motor,frontoparietal,0.409322341512785,0.0,alc,tool,placebo,neg
motor,DMN,0.19051432573397742,0.5,alc,tool,placebo,neg
motor,motor,0.06667562947060579,3.0,alc,tool,placebo,neg
motor,visA,0.018271016856964306,2.0,alc,tool,placebo,neg
motor,visB,0.08720604259033049,0.0,alc,tool,placebo,neg
motor,visassoc,0.0013359187966354158,4.0,alc,tool,placebo,neg
motor,salience,0.29800397789308297,0.5,alc,tool,placebo,neg
motor,subcort,0.09360995710720432,0.0,alc,tool,placebo,neg
motor,cerebell,0.11256990316928772,0.0,alc,tool,placebo,neg
visA,medfront,0.17084909871138287,0.0,alc,tool,placebo,neg
visA,frontoparietal,0.02542673330850176,3.0,alc,tool,placebo,neg
visA,DMN,0.09689869982295507,0.0,alc,tool,placebo,neg
visA,motor,0.018271016856964306,2.0,alc,tool,placebo,neg
visA,visA,0.09381583202112331,0.0,alc,tool,placebo,neg
visA,visB,0.043128224552387184,0.0,alc,tool,placebo,neg
visA,visassoc,0.10303496089485409,0.0,alc,tool,placebo,neg
visA,salience,0.15652926074321716,0.5,alc,tool,placebo,neg
visA,subcort,0.04637249612552563,0.0,alc,tool,placebo,neg
visA,cerebell,0.05604354680630386,0.0,alc,tool,placebo,neg
visB,medfront,0.07762524604851806,0.0,alc,tool,placebo,neg
visB,frontoparietal,0.10323882816892771,0.0,alc,tool,placebo,neg
visB,DMN,0.043128224552387184,0.0,alc,tool,placebo,neg
visB,motor,0.08720604259033049,0.0,alc,tool,placebo,neg
visB,visA,0.043128224552387184,0.0,alc,tool,placebo,neg
visB,visB,0.017465458315161553,0.0,alc,tool,placebo,neg
visB,visassoc,0.04594052319476405,0.5,alc,tool,placebo,neg
visB,salience,0.07090482877287807,0.0,alc,tool,placebo,neg
visB,subcort,0.020348415081725357,0.0,alc,tool,placebo,neg
visB,cerebell,0.024547704814851468,0.0,alc,tool,placebo,neg
visassoc,medfront,0.1812051122306101,0.0,alc,tool,placebo,neg
visassoc,frontoparietal,0.02865308637381192,3.0,alc,tool,placebo,neg
visassoc,DMN,0.10303496089485409,0.0,alc,tool,placebo,neg
visassoc,motor,0.0013359187966354158,4.0,alc,tool,placebo,neg
visassoc,visA,0.10303496089485409,0.0,alc,tool,placebo,neg
visassoc,visB,0.04594052319476405,0.5,alc,tool,placebo,neg
visassoc,visassoc,0.10629162922949298,1.0,alc,tool,placebo,neg
visassoc,salience,0.16610133958011852,0.5,alc,tool,placebo,neg
visassoc,subcort,0.04939117643134172,0.0,alc,tool,placebo,neg
visassoc,cerebell,0.059673066330542035,0.0,alc,tool,placebo,neg
salience,medfront,0.26910479390206077,0.0,alc,tool,placebo,neg
salience,frontoparietal,0.345067696116901,0.0,alc,tool,placebo,neg
salience,DMN,0.15652926074321716,0.0,alc,tool,placebo,neg
salience,motor,0.29800397789308297,0.5,alc,tool,placebo,neg
salience,visA,0.15652926074321716,0.5,alc,tool,placebo,neg
salience,visB,0.07090482877287807,0.0,alc,tool,placebo,neg
salience,visassoc,0.16610133958011852,0.5,alc,tool,placebo,neg
salience,salience,0.2434501109940691,0.0,alc,tool,placebo,neg
salience,subcort,0.0761590607317496,0.0,alc,tool,placebo,neg
salience,cerebell,0.09175510864967462,0.0,alc,tool,placebo,neg
subcort,medfront,0.08346820060580029,0.0,alc,tool,placebo,neg
subcort,frontoparietal,0.11075145125252717,0.0,alc,tool,placebo,neg
subcort,DMN,0.04637249612552563,0.0,alc,tool,placebo,neg
subcort,motor,0.09360995710720432,0.0,alc,tool,placebo,neg
subcort,visA,0.04637249612552563,0.0,alc,tool,placebo,neg
subcort,visB,0.020348415081725357,0.0,alc,tool,placebo,neg
subcort,visassoc,0.04939117643134172,0.0,alc,tool,placebo,neg
subcort,salience,0.0761590607317496,0.0,alc,tool,placebo,neg
subcort,subcort,0.020348415081725357,0.0,alc,tool,placebo,neg
subcort,cerebell,0.0265309466025494,0.0,alc,tool,placebo,neg
cerebell,medfront,0.10038072929297559,0.0,alc,tool,placebo,neg
cerebell,frontoparietal,0.13293684380803028,0.0,alc,tool,placebo,neg
cerebell,DMN,0.05604354680630386,0.0,alc,tool,placebo,neg
cerebell,motor,0.11256990316928772,0.0,alc,tool,placebo,neg
cerebell,visA,0.05604354680630386,0.0,alc,tool,placebo,neg
cerebell,visB,0.024547704814851468,0.0,alc,tool,placebo,neg
cerebell,visassoc,0.059673066330542035,0.0,alc,tool,placebo,neg
cerebell,salience,0.09175510864967462,0.0,alc,tool,placebo,neg
cerebell,subcort,0.0265309466025494,0.0,alc,tool,placebo,neg
cerebell,cerebell,0.03026676018563834,0.0,alc,tool,placebo,neg
medfront,medfront,0.2406516075175451,0.0,tool,alc,cortisol,neg
medfront,frontoparietal,0.31528555283256465,0.0,tool,alc,cortisol,neg
medfront,DMN,0.1412016744135558,0.0,tool,alc,cortisol,neg
medfront,motor,0.2713628163612385,0.0,tool,alc,cortisol,neg
medfront,visA,0.1412016744135558,0.0,tool,alc,cortisol,neg
medfront,visB,0.06354292818027418,0.0,tool,alc,cortisol,neg
medfront,visassoc,0.14992686840467262,0.0,tool,alc,cortisol,neg
medfront,salience,0.2248519762153146,0.0,tool,alc,cortisol,neg
medfront,subcort,0.06836557675997046,0.0,tool,alc,cortisol,neg
medfront,cerebell,0.0823574840018142,0.0,tool,alc,cortisol,neg
frontoparietal,medfront,0.31528555283256465,0.0,tool,alc,cortisol,neg
frontoparietal,frontoparietal,0.3965818416975704,0.0,tool,alc,cortisol,neg
frontoparietal,DMN,0.1855348448025641,0.0,tool,alc,cortisol,neg
frontoparietal,motor,0.34803194726941056,0.0,tool,alc,cortisol,neg
frontoparietal,visA,0.1855348448025641,1.0,tool,alc,cortisol,neg
frontoparietal,visB,0.08472686908027516,0.0,tool,alc,cortisol,neg
frontoparietal,visassoc,0.19669522327348665,0.0,tool,alc,cortisol,neg
frontoparietal,salience,0.2909729763146305,0.0,tool,alc,cortisol,neg
frontoparietal,subcort,0.09096165798167366,0.5,tool,alc,cortisol,neg
frontoparietal,cerebell,0.10943158123924213,0.0,tool,alc,cortisol,neg
DMN,medfront,0.1412016744135558,0.0,tool,alc,cortisol,neg
DMN,frontoparietal,0.1855348448025641,0.0,tool,alc,cortisol,neg
DMN,DMN,0.07692047013131242,0.0,tool,alc,cortisol,neg
DMN,motor,0.15778778183037356,0.5,tool,alc,cortisol,neg
DMN,visA,0.07947276215082033,0.0,tool,alc,cortisol,neg
DMN,visB,0.03518511036167371,0.0,tool,alc,cortisol,neg
DMN,visassoc,0.08455781475320812,0.5,tool,alc,cortisol,neg
DMN,salience,0.12917042431412695,0.0,tool,alc,cortisol,neg
DMN,subcort,0.03784375214076474,0.0,tool,alc,cortisol,neg
DMN,cerebell,0.045779156366621,0.0,tool,alc,cortisol,neg
motor,medfront,0.2713628163612385,0.0,tool,alc,cortisol,neg
motor,frontoparietal,0.34803194726941056,0.0,tool,alc,cortisol,neg
motor,DMN,0.15778778183037356,0.5,tool,alc,cortisol,neg
motor,motor,0.045665717582288545,3.0,tool,alc,cortisol,neg
motor,visA,0.012188420751773954,2.0,tool,alc,cortisol,neg
motor,visB,0.07145373361533391,0.0,tool,alc,cortisol,neg
motor,visassoc,0.000703978375343417,4.5,tool,alc,cortisol,neg
motor,salience,0.24984747352210135,0.0,tool,alc,cortisol,neg
motor,subcort,0.07675008529142702,0.0,tool,alc,cortisol,neg
motor,cerebell,0.0924722886376611,0.0,tool,alc,cortisol,neg
visA,medfront,0.1412016744135558,0.0,tool,alc,cortisol,neg
visA,frontoparietal,0.1855348448025641,1.0,tool,alc,cortisol,neg
visA,DMN,0.07947276215082033,0.0,tool,alc,cortisol,neg
visA,motor,0.012188420751773954,2.0,tool,alc,cortisol,neg
visA,visA,0.07692047013131242,1.0,tool,alc,cortisol,neg
visA,visB,0.03518511036167371,0.0,tool,alc,cortisol,neg
visA,visassoc,0.08455781475320812,0.5,tool,alc,cortisol,neg
visA,salience,0.12917042431412695,0.0,tool,alc,cortisol,neg
visA,subcort,0.03784375214076474,0.0,tool,alc,cortisol,neg
visA,cerebell,0.045779156366621,0.0,tool,alc,cortisol,neg
visB,medfront,0.06354292818027418,0.0,tool,alc,cortisol,neg
visB,frontoparietal,0.08472686908027516,0.0,tool,alc,cortisol,neg
visB,DMN,0.03518511036167371,0.0,tool,alc,cortisol,neg
visB,motor,0.07145373361533391,0.0,tool,alc,cortisol,neg
visB,visA,0.03518511036167371,0.0,tool,alc,cortisol,neg
visB,visB,0.014213783824128079,0.0,tool,alc,cortisol,neg
visB,visassoc,0.03748965772572299,0.5,tool,alc,cortisol,neg
visB,salience,0.058003117640979096,0.0,tool,alc,cortisol,neg
visB,subcort,0.016564535798517244,0.0,tool,alc,cortisol,neg
visB,cerebell,0.01999094342182184,0.0,tool,alc,cortisol,neg
visassoc,medfront,0.14992686840467262,0.0,tool,alc,cortisol,neg
visassoc,frontoparietal,0.19669522327348665,0.0,tool,alc,cortisol,neg
visassoc,DMN,0.08455781475320812,0.5,tool,alc,cortisol,neg
visassoc,motor,0.000703978375343417,4.5,tool,alc,cortisol,neg
visassoc,visA,0.08455781475320812,0.5,tool,alc,cortisol,neg
visassoc,visB,0.03748965772572299,0.5,tool,alc,cortisol,neg
visassoc,visassoc,0.0872592283318907,0.0,tool,alc,cortisol,neg
visassoc,salience,0.13720841369582404,0.0,tool,alc,cortisol,neg
visassoc,subcort,0.04031904815832199,0.0,tool,alc,cortisol,neg
visassoc,cerebell,0.04876122059660182,0.5,tool,alc,cortisol,neg
salience,medfront,0.2248519762153146,0.0,tool,alc,cortisol,neg
salience,frontoparietal,0.2909729763146305,0.0,tool,alc,cortisol,neg
salience,DMN,0.12917042431412695,0.0,tool,alc,cortisol,neg
salience,motor,0.24984747352210135,0.0,tool,alc,cortisol,neg
salience,visA,0.12917042431412695,0.0,tool,alc,cortisol,neg
salience,visB,0.058003117640979096,0.0,tool,alc,cortisol,neg
salience,visassoc,0.13720841369582404,0.0,tool,alc,cortisol,neg
salience,salience,0.20281773341128162,0.0,tool,alc,cortisol,neg
salience,subcort,0.06233367072668683,0.5,tool,alc,cortisol,neg
salience,cerebell,0.0752153148157636,0.0,tool,alc,cortisol,neg
subcort,medfront,0.06836557675997046,0.0,tool,alc,cortisol,neg
subcort,frontoparietal,0.09096165798167366,0.5,tool,alc,cortisol,neg
subcort,DMN,0.03784375214076474,0.0,tool,alc,cortisol,neg
subcort,motor,0.07675008529142702,0.0,tool,alc,cortisol,neg
subcort,visA,0.03784375214076474,0.0,tool,alc,cortisol,neg
subcort,visB,0.016564535798517244,0.0,tool,alc,cortisol,neg
subcort,visassoc,0.04031904815832199,0.0,tool,alc,cortisol,neg
subcort,salience,0.06233367072668683,0.5,tool,alc,cortisol,neg
subcort,subcort,0.016564535798517244,0.0,tool,alc,cortisol,neg
subcort,cerebell,0.021610129373601072,0.0,tool,alc,cortisol,neg
cerebell,medfront,0.0823574840018142,0.0,tool,alc,cortisol,neg
cerebell,frontoparietal,0.10943158123924213,0.0,tool,alc,cortisol,neg
cerebell,DMN,0.045779156366621,0.0,tool,alc,cortisol,neg
cerebell,motor,0.0924722886376611,0.0,tool,alc,cortisol,neg
cerebell,visA,0.045779156366621,0.0,tool,alc,cortisol,neg
cerebell,visB,0.01999094342182184,0.0,tool,alc,cortisol,neg
cerebell,visassoc,0.04876122059660182,0.5,tool,alc,cortisol,neg
cerebell,salience,0.0752153148157636,0.0,tool,alc,cortisol,neg
cerebell,subcort,0.021610129373601072,0.0,tool,alc,cortisol,neg
cerebell,cerebell,0.024661856011484518,0.0,tool,alc,cortisol,neg
medfront,medfront,0.1558339115710421,0.0,tool,alc,placebo,neg
medfront,frontoparietal,0.20790240440612573,0.0,tool,alc,placebo,neg
medfront,DMN,0.08941792193924558,0.5,tool,alc,placebo,neg
medfront,motor,0.17700990341085676,0.0,tool,alc,placebo,neg
medfront,visA,0.08941792193924558,0.0,tool,alc,placebo,neg
medfront,visB,0.039594371456550315,0.0,tool,alc,placebo,neg
medfront,visassoc,0.09512200538216875,0.0,tool,alc,placebo,neg
medfront,salience,0.1450682681465233,0.0,tool,alc,placebo,neg
medfront,subcort,0.0426409657077228,0.0,tool,alc,placebo,neg
medfront,cerebell,0.051514544194045886,0.0,tool,alc,placebo,neg
frontoparietal,medfront,0.20790240440612573,0.0,tool,alc,placebo,neg
frontoparietal,frontoparietal,0.2671741519296369,0.0,tool,alc,placebo,neg
frontoparietal,DMN,0.11863811893326881,0.0,tool,alc,placebo,neg
frontoparietal,motor,0.23143282440166923,0.0,tool,alc,placebo,neg
frontoparietal,visA,0.11863811893326881,0.0,tool,alc,placebo,neg
frontoparietal,visB,0.053022330767276915,0.0,tool,alc,placebo,neg
frontoparietal,visassoc,0.1260895897213682,0.5,tool,alc,placebo,neg
frontoparietal,salience,0.19071132608418306,0.5,tool,alc,placebo,neg
frontoparietal,subcort,0.056997104018404965,0.0,tool,alc,placebo,neg
frontoparietal,cerebell,0.06883397382757561,0.0,tool,alc,placebo,neg
DMN,medfront,0.08941792193924558,0.5,tool,alc,placebo,neg
DMN,frontoparietal,0.11863811893326881,0.0,tool,alc,placebo,neg
DMN,DMN,0.04806028436568921,0.0,tool,alc,placebo,neg
DMN,motor,0.10028037970917536,1.0,tool,alc,placebo,neg
DMN,visA,0.049680836767690306,0.0,tool,alc,placebo,neg
DMN,visB,0.021800552168745102,0.0,tool,alc,placebo,neg
DMN,visassoc,0.05291470132257248,0.0,tool,alc,placebo,neg
DMN,salience,0.08158893363835007,0.0,tool,alc,placebo,neg
DMN,subcort,0.023460157797512426,0.0,tool,alc,placebo,neg
DMN,cerebell,0.028424201803138205,0.0,tool,alc,placebo,neg
motor,medfront,0.17700990341085676,0.0,tool,alc,placebo,neg
motor,frontoparietal,0.23143282440166923,0.0,tool,alc,placebo,neg
motor,DMN,0.10028037970917536,1.0,tool,alc,placebo,neg
motor,motor,0.19454913938097818,1.0,tool,alc,placebo,neg
motor,visA,0.10028037970917536,1.0,tool,alc,placebo,neg
motor,visB,0.04459502207759203,0.0,tool,alc,placebo,neg
motor,visassoc,0.106641016487522,1.0,tool,alc,placebo,neg
motor,salience,0.16213951165425622,0.0,tool,alc,placebo,neg
motor,subcort,0.04795216161637672,0.0,tool,alc,placebo,neg
motor,cerebell,0.057961730545721624,0.0,tool,alc,placebo,neg
visA,medfront,0.08941792193924558,0.0,tool,alc,placebo,neg
visA,frontoparietal,0.11863811893326881,0.0,tool,alc,placebo,neg
visA,DMN,0.049680836767690306,0.0,tool,alc,placebo,neg
visA,motor,0.10028037970917536,1.0,tool,alc,placebo,neg
visA,visA,0.04806028436568921,1.0,tool,alc,placebo,neg
visA,visB,0.021800552168745102,0.0,tool,alc,placebo,neg
visA,visassoc,0.05291470132257248,0.0,tool,alc,placebo,neg
visA,salience,0.08158893363835007,1.5,tool,alc,placebo,neg
visA,subcort,0.023460157797512426,0.0,tool,alc,placebo,neg
visA,cerebell,0.028424201803138205,0.0,tool,alc,placebo,neg
visB,medfront,0.039594371456550315,0.0,tool,alc,placebo,neg
visB,frontoparietal,0.053022330767276915,0.0,tool,alc,placebo,neg
visB,DMN,0.021800552168745102,0.0,tool,alc,placebo,neg
visB,motor,0.04459502207759203,0.0,tool,alc,placebo,neg
visB,visA,0.021800552168745102,0.0,tool,alc,placebo,neg
visB,visB,0.008770702935190666,0.0,tool,alc,placebo,neg
visB,visassoc,0.023239019493686786,0.0,tool,alc,placebo,neg
visB,salience,0.036102164748265775,0.0,tool,alc,placebo,neg
visB,subcort,0.010225923555787442,0.0,tool,alc,placebo,neg
visB,cerebell,0.01234942179018339,0.0,tool,alc,placebo,neg
visassoc,medfront,0.09512200538216875,0.0,tool,alc,placebo,neg
visassoc,frontoparietal,0.1260895897213682,0.5,tool,alc,placebo,neg
visassoc,DMN,0.05291470132257248,0.0,tool,alc,placebo,neg
visassoc,motor,0.106641016487522,1.0,tool,alc,placebo,neg
visassoc,visA,0.05291470132257248,0.0,tool,alc,placebo,neg
visassoc,visB,0.023239019493686786,0.0,tool,alc,placebo,neg
visassoc,visassoc,0.05463548864239387,0.0,tool,alc,placebo,neg
visassoc,salience,0.08681477308434093,1.5,tool,alc,placebo,neg
visassoc,subcort,0.025006899698270302,0.0,tool,alc,placebo,neg
visassoc,cerebell,0.030293752979910993,0.0,tool,alc,placebo,neg
salience,medfront,0.1450682681465233,0.0,tool,alc,placebo,neg
salience,frontoparietal,0.19071132608418306,0.5,tool,alc,placebo,neg
salience,DMN,0.08158893363835007,0.0,tool,alc,placebo,neg
salience,motor,0.16213951165425622,0.0,tool,alc,placebo,neg
salience,visA,0.08158893363835007,1.5,tool,alc,placebo,neg
salience,visB,0.036102164748265775,0.0,tool,alc,placebo,neg
salience,visassoc,0.08681477308434093,1.5,tool,alc,placebo,neg
salience,salience,0.13019432816377063,0.0,tool,alc,placebo,neg
salience,subcort,0.03883139870156116,0.0,tool,alc,placebo,neg
salience,cerebell,0.04697857321524013,0.0,tool,alc,placebo,neg
subcort,medfront,0.0426409657077228,0.0,tool,alc,placebo,neg
subcort,frontoparietal,0.056997104018404965,0.0,tool,alc,placebo,neg
subcort,DMN,0.023460157797512426,0.0,tool,alc,placebo,neg
subcort,motor,0.04795216161637672,0.0,tool,alc,placebo,neg
subcort,visA,0.023460157797512426,0.0,tool,alc,placebo,neg
subcort,visB,0.010225923555787442,0.0,tool,alc,placebo,neg
subcort,visassoc,0.025006899698270302,0.0,tool,alc,placebo,neg
subcort,salience,0.03883139870156116,0.0,tool,alc,placebo,neg
subcort,subcort,0.010225923555787442,0.0,tool,alc,placebo,neg
subcort,cerebell,0.013353897249527735,0.0,tool,alc,placebo,neg
cerebell,medfront,0.051514544194045886,0.0,tool,alc,placebo,neg
cerebell,frontoparietal,0.06883397382757561,0.0,tool,alc,placebo,neg
cerebell,DMN,0.028424201803138205,0.0,tool,alc,placebo,neg
cerebell,motor,0.057961730545721624,0.0,tool,alc,placebo,neg
cerebell,visA,0.028424201803138205,0.0,tool,alc,placebo,neg
cerebell,visB,0.01234942179018339,0.0,tool,alc,placebo,neg
cerebell,visassoc,0.030293752979910993,0.0,tool,alc,placebo,neg
cerebell,salience,0.04697857321524013,0.0,tool,alc,placebo,neg
cerebell,subcort,0.013353897249527735,0.0,tool,alc,placebo,neg
cerebell,cerebell,0.015248801143942114,0.0,tool,alc,placebo,neg
medfront,medfront,0.5713966634214437,0.0,tool,tool,cortisol,neg
medfront,frontoparietal,0.6882707913145787,0.0,tool,tool,cortisol,neg
medfront,DMN,0.3740361025207577,0.0,tool,tool,cortisol,neg
medfront,motor,0.6225353037114242,0.0,tool,tool,cortisol,neg
medfront,visA,0.3740361025207577,0.0,tool,tool,cortisol,neg
medfront,visB,0.18294061779203297,0.0,tool,tool,cortisol,neg
medfront,visassoc,0.3934022296511285,0.5,tool,tool,cortisol,neg
medfront,salience,0.5433540978818687,0.5,tool,tool,cortisol,neg
medfront,subcort,0.19582091904045174,0.0,tool,tool,cortisol,neg
medfront,cerebell,0.2324134494675303,0.0,tool,tool,cortisol,neg
frontoparietal,medfront,0.6882707913145787,0.0,tool,tool,cortisol,neg
frontoparietal,frontoparietal,0.7887248309110673,0.0,tool,tool,cortisol,neg
frontoparietal,DMN,0.4682482903152345,0.5,tool,tool,cortisol,neg
frontoparietal,motor,0.7319116575036442,0.0,tool,tool,cortisol,neg
frontoparietal,visA,0.1296452253618654,2.5,tool,tool,cortisol,neg
frontoparietal,visB,0.23849653770459078,0.0,tool,tool,cortisol,neg
frontoparietal,visassoc,0.4903548328797902,0.0,tool,tool,cortisol,neg
frontoparietal,salience,0.6529339281583473,0.0,tool,tool,cortisol,neg
frontoparietal,subcort,0.2543478964912147,0.5,tool,tool,cortisol,neg
frontoparietal,cerebell,0.29999606525739075,0.0,tool,tool,cortisol,neg
DMN,medfront,0.3740361025207577,0.0,tool,tool,cortisol,neg
DMN,frontoparietal,0.4682482903152345,0.5,tool,tool,cortisol,neg
DMN,DMN,0.2183307937298279,0.0,tool,tool,cortisol,neg
DMN,motor,0.410500023929965,1.0,tool,tool,cortisol,neg
DMN,visA,0.22496312555049358,0.0,tool,tool,cortisol,neg
DMN,visB,0.10437492790965774,0.5,tool,tool,cortisol,neg
DMN,visassoc,0.23806359469345018,0.5,tool,tool,cortisol,neg
DMN,salience,0.34665348296506293,0.0,tool,tool,cortisol,neg
DMN,subcort,0.11194845221835481,0.0,tool,tool,cortisol,neg
DMN,cerebell,0.13429629972774126,0.0,tool,tool,cortisol,neg
motor,medfront,0.6225353037114242,0.0,tool,tool,cortisol,neg
motor,frontoparietal,0.7319116575036442,0.0,tool,tool,cortisol,neg
motor,DMN,0.410500023929965,1.0,tool,tool,cortisol,neg
motor,motor,7.29057162418556e-08,18.0,tool,tool,cortisol,neg
motor,visA,0.0018494975226538424,6.0,tool,tool,cortisol,neg
motor,visB,0.20399634273497003,0.0,tool,tool,cortisol,neg
motor,visassoc,0.01839158673695762,5.5,tool,tool,cortisol,neg
motor,salience,0.5871703951759244,0.0,tool,tool,cortisol,neg
motor,subcort,0.21788667611597012,0.5,tool,tool,cortisol,neg
motor,cerebell,0.25815471755216557,0.0,tool,tool,cortisol,neg
visA,medfront,0.3740361025207577,0.0,tool,tool,cortisol,neg
visA,frontoparietal,0.1296452253618654,2.5,tool,tool,cortisol,neg
visA,DMN,0.22496312555049358,0.0,tool,tool,cortisol,neg
visA,motor,0.0018494975226538424,6.0,tool,tool,cortisol,neg
visA,visA,0.02513963170174638,2.0,tool,tool,cortisol,neg
visA,visB,0.10437492790965774,0.0,tool,tool,cortisol,neg
visA,visassoc,0.23806359469345018,0.5,tool,tool,cortisol,neg
visA,salience,0.34665348296506293,1.5,tool,tool,cortisol,neg
visA,subcort,0.11194845221835481,0.0,tool,tool,cortisol,neg
visA,cerebell,0.00919106407591741,2.5,tool,tool,cortisol,neg
visB,medfront,0.18294061779203297,0.0,tool,tool,cortisol,neg
visB,frontoparietal,0.23849653770459078,0.0,tool,tool,cortisol,neg
visB,DMN,0.10437492790965774,0.5,tool,tool,cortisol,neg
visB,motor,0.20399634273497003,0.0,tool,tool,cortisol,neg
visB,visA,0.10437492790965774,0.0,tool,tool,cortisol,neg
visB,visB,0.04310050358338302,1.0,tool,tool,cortisol,neg
visB,visassoc,0.11094226848250288,0.0,tool,tool,cortisol,neg
visB,salience,0.16797389731126122,0.5,tool,tool,cortisol,neg
visB,subcort,0.05010559315354768,0.0,tool,tool,cortisol,neg
visB,cerebell,0.06025394095219916,0.0,tool,tool,cortisol,neg
visassoc,medfront,0.3934022296511285,0.5,tool,tool,cortisol,neg
visassoc,frontoparietal,0.4903548328797902,0.0,tool,tool,cortisol,neg
visassoc,DMN,0.23806359469345018,0.5,tool,tool,cortisol,neg
visassoc,motor,0.01839158673695762,5.5,tool,tool,cortisol,neg
visassoc,visA,0.23806359469345018,0.5,tool,tool,cortisol,neg
visassoc,visB,0.11094226848250288,0.0,tool,tool,cortisol,neg
visassoc,visassoc,0.24496197234171913,1.0,tool,tool,cortisol,neg
visassoc,salience,0.07491904063015165,3.5,tool,tool,cortisol,neg
visassoc,subcort,0.1189607166505231,0.0,tool,tool,cortisol,neg
visassoc,cerebell,0.14259531435639416,0.5,tool,tool,cortisol,neg
salience,medfront,0.5433540978818687,0.5,tool,tool,cortisol,neg
salience,frontoparietal,0.6529339281583473,0.0,tool,tool,cortisol,neg
salience,DMN,0.34665348296506293,0.0,tool,tool,cortisol,neg
salience,motor,0.5871703951759244,0.0,tool,tool,cortisol,neg
salience,visA,0.34665348296506293,1.5,tool,tool,cortisol,neg
salience,visB,0.16797389731126122,0.5,tool,tool,cortisol,neg
salience,visassoc,0.07491904063015165,3.5,tool,tool,cortisol,neg
salience,salience,0.5022145779908554,0.0,tool,tool,cortisol,neg
salience,subcort,0.1796892451664307,1.5,tool,tool,cortisol,neg
salience,cerebell,0.2138785307159391,0.0,tool,tool,cortisol,neg
subcort,medfront,0.19582091904045174,0.0,tool,tool,cortisol,neg
subcort,frontoparietal,0.2543478964912147,0.5,tool,tool,cortisol,neg
subcort,DMN,0.11194845221835481,0.0,tool,tool,cortisol,neg
subcort,motor,0.21788667611597012,0.5,tool,tool,cortisol,neg
subcort,visA,0.11194845221835481,0.0,tool,tool,cortisol,neg
subcort,visB,0.05010559315354768,0.0,tool,tool,cortisol,neg
subcort,visassoc,0.1189607166505231,0.0,tool,tool,cortisol,neg
subcort,salience,0.1796892451664307,1.5,tool,tool,cortisol,neg
subcort,subcort,0.05010559315354768,0.0,tool,tool,cortisol,neg
subcort,cerebell,0.06502408085875389,0.0,tool,tool,cortisol,neg
cerebell,medfront,0.2324134494675303,0.0,tool,tool,cortisol,neg
cerebell,frontoparietal,0.29999606525739075,0.0,tool,tool,cortisol,neg
cerebell,DMN,0.13429629972774126,0.0,tool,tool,cortisol,neg
cerebell,motor,0.25815471755216557,0.0,tool,tool,cortisol,neg
cerebell,visA,0.00919106407591741,2.5,tool,tool,cortisol,neg
cerebell,visB,0.06025394095219916,0.0,tool,tool,cortisol,neg
cerebell,visassoc,0.14259531435639416,0.5,tool,tool,cortisol,neg
cerebell,salience,0.2138785307159391,0.0,tool,tool,cortisol,neg
cerebell,subcort,0.06502408085875389,0.0,tool,tool,cortisol,neg
cerebell,cerebell,0.07397001749997445,0.0,tool,tool,cortisol,neg
medfront,medfront,0.8941994632987083,0.0,tool,tool,placebo,neg
medfront,frontoparietal,0.9545141953224968,0.0,tool,tool,placebo,neg
medfront,DMN,0.7111962485976178,1.5,tool,tool,placebo,neg
medfront,motor,0.9244571717443781,0.0,tool,tool,placebo,neg
medfront,visA,0.35011930266592284,2.5,tool,tool,placebo,neg
medfront,visB,0.4147203297115085,0.0,tool,tool,placebo,neg
medfront,visassoc,0.37964680280017626,2.5,tool,tool,placebo,neg
medfront,salience,0.8748412508357601,0.0,tool,tool,placebo,neg
medfront,subcort,0.4388646630927966,1.0,tool,tool,placebo,neg
medfront,cerebell,0.5040417311949793,0.0,tool,tool,placebo,neg
frontoparietal,medfront,0.9545141953224968,0.0,tool,tool,placebo,neg
frontoparietal,frontoparietal,0.9837819719938066,1.0,tool,tool,placebo,neg
frontoparietal,DMN,0.8125924511583711,0.0,tool,tool,placebo,neg
frontoparietal,motor,0.9695057067355956,0.5,tool,tool,placebo,neg
frontoparietal,visA,0.49605418445668614,2.5,tool,tool,placebo,neg
frontoparietal,visB,0.514394237536971,0.0,tool,tool,placebo,neg
frontoparietal,visassoc,0.10226971129291162,6.0,tool,tool,placebo,neg
frontoparietal,salience,0.9395332025536576,0.5,tool,tool,placebo,neg
frontoparietal,subcort,0.5407353329601647,0.0,tool,tool,placebo,neg
frontoparietal,cerebell,0.6115598711565607,0.0,tool,tool,placebo,neg
DMN,medfront,0.7111962485976178,1.5,tool,tool,placebo,neg
DMN,frontoparietal,0.8125924511583711,0.0,tool,tool,placebo,neg
DMN,DMN,0.1383610497809007,2.0,tool,tool,placebo,neg
DMN,motor,0.000518444696591347,13.0,tool,tool,placebo,neg
DMN,visA,0.1460324322041423,2.5,tool,tool,placebo,neg
DMN,visB,0.2534217584013523,0.0,tool,tool,placebo,neg
DMN,visassoc,0.5136619255321183,0.0,tool,tool,placebo,neg
DMN,salience,0.6764801476323195,1.5,tool,tool,placebo,neg
DMN,subcort,0.270042824349054,0.0,tool,tool,placebo,neg
DMN,cerebell,0.31773816904040186,1.0,tool,tool,placebo,neg
motor,medfront,0.9244571717443781,0.0,tool,tool,placebo,neg
motor,frontoparietal,0.9695057067355956,0.5,tool,tool,placebo,neg
motor,DMN,0.000518444696591347,13.0,tool,tool,placebo,neg
motor,motor,0.9432267106090739,1.0,tool,tool,placebo,neg
motor,visA,1.6306239691843416e-09,24.0,tool,tool,placebo,neg
motor,visB,0.45386227216448427,0.0,tool,tool,placebo,neg
motor,visassoc,1.9446621293606192e-05,16.0,tool,tool,placebo,neg
motor,salience,0.9042116209437528,0.0,tool,tool,placebo,neg
motor,subcort,0.4787663729854713,0.5,tool,tool,placebo,neg
motor,cerebell,0.5469255601097232,0.0,tool,tool,placebo,neg
visA,medfront,0.35011930266592284,2.5,tool,tool,placebo,neg
visA,frontoparietal,0.49605418445668614,2.5,tool,tool,placebo,neg
visA,DMN,0.1460324322041423,2.5,tool,tool,placebo,neg
visA,motor,1.6306239691843416e-09,24.0,tool,tool,placebo,neg
visA,visA,0.0278359126740525,5.0,tool,tool,placebo,neg
visA,visB,0.2534217584013523,0.0,tool,tool,placebo,neg
visA,visassoc,0.5136619255321183,1.5,tool,tool,placebo,neg
visA,salience,0.0265023547108324,7.0,tool,tool,placebo,neg
visA,subcort,0.270042824349054,0.0,tool,tool,placebo,neg
visA,cerebell,0.00676061035921427,5.5,tool,tool,placebo,neg
visB,medfront,0.4147203297115085,0.0,tool,tool,placebo,neg
visB,frontoparietal,0.514394237536971,0.0,tool,tool,placebo,neg
visB,DMN,0.2534217584013523,0.0,tool,tool,placebo,neg
visB,motor,0.45386227216448427,0.0,tool,tool,placebo,neg
visB,visA,0.2534217584013523,0.0,tool,tool,placebo,neg
visB,visB,0.11024155786758194,0.0,tool,tool,placebo,neg
visB,visassoc,0.2678480416783302,0.5,tool,tool,placebo,neg
visB,salience,0.3858647179419652,0.0,tool,tool,placebo,neg
visB,subcort,0.12740638072508248,0.0,tool,tool,placebo,neg
visB,cerebell,0.1519050116435836,1.5,tool,tool,placebo,neg
visassoc,medfront,0.37964680280017626,2.5,tool,tool,placebo,neg
visassoc,frontoparietal,0.10226971129291162,6.0,tool,tool,placebo,neg
visassoc,DMN,0.5136619255321183,0.0,tool,tool,placebo,neg
visassoc,motor,1.9446621293606192e-05,16.0,tool,tool,placebo,neg
visassoc,visA,0.5136619255321183,1.5,tool,tool,placebo,neg
visassoc,visB,0.2678480416783302,0.5,tool,tool,placebo,neg
visassoc,visassoc,0.5252487405228635,1.0,tool,tool,placebo,neg
visassoc,salience,0.11862086330541621,4.5,tool,tool,placebo,neg
visassoc,subcort,0.2852248841312437,0.0,tool,tool,placebo,neg
visassoc,cerebell,0.00806262297334892,5.0,tool,tool,placebo,neg
salience,medfront,0.8748412508357601,0.0,tool,tool,placebo,neg
salience,frontoparietal,0.9395332025536576,0.5,tool,tool,placebo,neg
salience,DMN,0.6764801476323195,1.5,tool,tool,placebo,neg
salience,motor,0.9042116209437528,0.0,tool,tool,placebo,neg
salience,visA,0.0265023547108324,7.0,tool,tool,placebo,neg
salience,visB,0.3858647179419652,0.0,tool,tool,placebo,neg
salience,visassoc,0.11862086330541621,4.5,tool,tool,placebo,neg
salience,salience,0.8426798806524243,0.0,tool,tool,placebo,neg
salience,subcort,0.40852518335273946,0.0,tool,tool,placebo,neg
salience,cerebell,0.4716543785784947,0.0,tool,tool,placebo,neg
subcort,medfront,0.4388646630927966,1.0,tool,tool,placebo,neg
subcort,frontoparietal,0.5407353329601647,0.0,tool,tool,placebo,neg
subcort,DMN,0.270042824349054,0.0,tool,tool,placebo,neg
subcort,motor,0.4787663729854713,0.5,tool,tool,placebo,neg
subcort,visA,0.270042824349054,0.0,tool,tool,placebo,neg
subcort,visB,0.12740638072508248,0.0,tool,tool,placebo,neg
subcort,visassoc,0.2852248841312437,0.0,tool,tool,placebo,neg
subcort,salience,0.40852518335273946,0.0,tool,tool,placebo,neg
subcort,subcort,0.12740638072508248,0.0,tool,tool,placebo,neg
subcort,cerebell,0.16327059728809723,0.0,tool,tool,placebo,neg
cerebell,medfront,0.5040417311949793,0.0,tool,tool,placebo,neg
cerebell,frontoparietal,0.6115598711565607,0.0,tool,tool,placebo,neg
cerebell,DMN,0.31773816904040186,1.0,tool,tool,placebo,neg
cerebell,motor,0.5469255601097232,0.0,tool,tool,placebo,neg
cerebell,visA,0.00676061035921427,5.5,tool,tool,placebo,neg
cerebell,visB,0.1519050116435836,1.5,tool,tool,placebo,neg
cerebell,visassoc,0.00806262297334892,5.0,tool,tool,placebo,neg
cerebell,salience,0.4716543785784947,0.0,tool,tool,placebo,neg
cerebell,subcort,0.16327059728809723,0.0,tool,tool,placebo,neg
cerebell,cerebell,0.18432882691826658,0.0,tool,tool,placebo,neg
